date,open,high,low,close,volume,future_return,label
2026-01-28 00:00:00,89249.99,89468.01,89154.8,89467.72,258.84583,-0.1318364880651927,Vendre
2026-01-28 01:00:00,89467.73,89497.96,89196.87,89404.57,267.52883,-0.13294286858043175,Vendre
2026-01-28 02:00:00,89404.57,89453.89,89100.01,89285.77,214.15071,-0.14329943058115538,Vendre
2026-01-28 03:00:00,89285.78,89311.87,88985.0,89126.67,353.861,-0.1439938236220427,Vendre
2026-01-28 04:00:00,89126.68,89160.0,88840.0,88975.04,312.10964,-0.1470175231165954,Vendre
2026-01-28 05:00:00,88975.03,89105.56,88849.0,89084.1,326.80822,-0.15246267291245014,Vendre
2026-01-28 06:00:00,89084.1,89400.0,89084.1,89317.47,340.81001,-0.14295243696445942,Vendre
2026-01-28 07:00:00,89317.47,89358.51,89099.81,89134.35,370.1952,-0.13994111136727885,Vendre
2026-01-28 08:00:00,89134.35,89258.02,88833.65,88925.47,515.45435,-0.13544139828555307,Vendre
2026-01-28 09:00:00,88925.47,89567.26,88849.99,89567.25,490.95043,-0.13221261119438185,Vendre
2026-01-28 10:00:00,89567.25,89703.87,89330.22,89403.77,688.45427,-0.13309539407566381,Vendre
2026-01-28 11:00:00,89403.76,90156.72,89313.13,90080.0,1092.21486,-0.13676742895204258,Vendre
2026-01-28 12:00:00,90079.99,90176.88,89790.0,89998.69,946.78783,-0.13344838685985327,Vendre
2026-01-28 13:00:00,89998.69,90488.0,89969.42,90257.91,1485.47795,-0.1333192847031358,Vendre
2026-01-28 14:00:00,90257.91,90276.78,89460.01,89617.27,997.73721,-0.13136396589630558,Vendre
2026-01-28 15:00:00,89617.27,89849.75,88904.61,89479.66,998.88376,-0.11879347775796203,Vendre
2026-01-28 16:00:00,89479.66,89830.0,89248.61,89629.66,744.86311,-0.12267033033484684,Vendre
2026-01-28 17:00:00,89629.66,90600.0,89277.21,90169.88,923.32635,-0.12400193945029099,Vendre
2026-01-28 18:00:00,90169.89,90178.91,89312.88,89546.24,748.51147,-0.12257801109236979,Vendre
2026-01-28 19:00:00,89544.0,89719.58,89006.36,89402.58,893.3832,-0.12372215656416181,Vendre
2026-01-28 20:00:00,89402.57,89896.0,89010.0,89130.63,590.94624,-0.12478359010813687,Vendre
2026-01-28 21:00:00,89130.63,89490.24,88878.01,89412.17,381.49994,-0.12168488920467986,Vendre
2026-01-28 22:00:00,89412.18,89479.04,89138.0,89396.15,156.23518,-0.11858396586430174,Vendre
2026-01-28 23:00:00,89396.15,89471.41,89209.48,89299.99,233.14943,-0.11826854627867264,Vendre
2026-01-29 00:00:00,89300.0,89348.0,88900.0,89143.91,431.21285,-0.11306066785717608,Vendre
2026-01-29 01:00:00,89143.92,89159.99,88548.87,88603.56,624.81108,-0.1081889937605215,Vendre
2026-01-29 02:00:00,88603.56,88754.64,87704.0,87907.06,1097.35161,-0.11488326421108842,Vendre
2026-01-29 03:00:00,87907.05,88265.39,87771.3,88053.71,769.73434,-0.105621784703904,Vendre
2026-01-29 04:00:00,88053.71,88345.66,87901.23,88315.2,311.3438,-0.10775959291265827,Vendre
2026-01-29 05:00:00,88315.2,88408.08,88142.66,88186.54,354.31355,-0.11278467212796871,Vendre
2026-01-29 06:00:00,88186.53,88338.67,88168.9,88319.35,284.51762,-0.1101138085821511,Vendre
2026-01-29 07:00:00,88319.35,88430.05,88250.0,88352.97,526.73614,-0.10818312049951465,Vendre
2026-01-29 08:00:00,88352.96,88500.0,87907.8,88064.16,823.67262,-0.10578877945352566,Vendre
2026-01-29 09:00:00,88064.16,88160.0,87892.0,87892.01,372.84765,-0.10799616483910199,Vendre
2026-01-29 10:00:00,87892.0,88046.59,87832.18,87946.46,575.41561,-0.11172820372758614,Vendre
2026-01-29 11:00:00,87946.47,88066.94,87750.01,87846.5,527.10516,-0.11118257414922621,Vendre
2026-01-29 12:00:00,87846.5,88121.29,87817.97,88121.21,516.69113,-0.11110775714495989,Vendre
2026-01-29 13:00:00,88121.21,88182.29,87951.67,88052.88,283.13252,-0.11067474453987207,Vendre
2026-01-29 14:00:00,88052.87,88075.23,87008.0,87014.4,1065.77381,-0.11277650595763453,Vendre
2026-01-29 15:00:00,87014.4,87039.51,84366.56,84934.02,8241.9564,-0.08008204486258866,Vendre
2026-01-29 16:00:00,84934.02,85392.2,84268.17,85270.0,4076.75879,-0.1029895625659669,Vendre
2026-01-29 17:00:00,85270.01,85638.3,84012.78,84261.66,2652.67947,-0.11091485736217409,Vendre
2026-01-29 18:00:00,84261.66,84630.55,83415.0,83477.02,2305.76692,-0.12384114813873326,Vendre
2026-01-29 19:00:00,83477.02,84334.97,83383.33,84012.11,1752.68525,-0.10804525680881007,Vendre
2026-01-29 20:00:00,84012.11,84398.36,83824.9,84216.91,1089.07114,-0.09192203798500799,Vendre
2026-01-29 21:00:00,84216.91,84706.32,84200.0,84526.57,780.67473,-0.09804183465625085,Vendre
2026-01-29 22:00:00,84526.57,84615.74,84306.24,84570.05,335.13893,-0.1047796471682351,Vendre
2026-01-29 23:00:00,84570.04,84737.69,84445.7,84650.16,631.99089,-0.10490175092403838,Vendre
2026-01-30 00:00:00,84650.16,84735.75,84100.0,84192.0,730.18491,-0.098359939186621,Vendre
2026-01-30 01:00:00,84192.0,84192.01,81118.0,82468.02,6080.28823,-0.0732925320627318,Vendre
2026-01-30 02:00:00,82468.01,82535.89,81154.0,82164.88,3963.98084,-0.0754766513381386,Vendre
2026-01-30 03:00:00,82164.88,82738.89,82036.35,82676.43,1470.66915,-0.07230912123322203,Vendre
2026-01-30 04:00:00,82676.42,83332.2,82676.42,82938.92,1147.37787,-0.07787863647127306,Vendre
2026-01-30 05:00:00,82938.92,83329.36,82903.23,82914.19,818.20759,-0.08001284219263309,Vendre
2026-01-30 06:00:00,82914.2,82919.21,82056.08,82602.81,1199.37024,-0.07203302163691531,Vendre
2026-01-30 07:00:00,82602.81,83100.0,82483.27,82816.98,1624.46252,-0.07610371689477198,Vendre
2026-01-30 08:00:00,82816.98,82995.41,82438.8,82671.7,959.74241,-0.07359761562904843,Vendre
2026-01-30 09:00:00,82671.7,82834.19,82160.0,82363.72,1026.26025,-0.07581881925682814,Vendre
2026-01-30 10:00:00,82363.71,82897.41,82172.02,82833.92,661.3904,-0.07885441133294178,Vendre
2026-01-30 11:00:00,82833.92,83314.85,82682.15,83151.36,607.68303,-0.08579667247775623,Vendre
2026-01-30 12:00:00,83151.36,83329.35,82650.0,82800.5,693.0162,-0.0799469809964915,Vendre
2026-01-30 13:00:00,82800.49,83087.34,82421.64,82740.92,760.57185,-0.09516355389811956,Vendre
2026-01-30 14:00:00,82740.93,83797.99,82738.68,83098.0,1785.40114,-0.10515860790873428,Vendre
2026-01-30 15:00:00,83098.0,83616.46,82382.01,82883.94,1512.89136,-0.10554010825257584,Vendre
2026-01-30 16:00:00,82882.84,83493.6,82549.35,83149.0,956.54558,-0.11440895260315825,Vendre
2026-01-30 17:00:00,83149.0,83475.8,82641.6,82943.23,1094.09504,-0.12499091245903969,Vendre
2026-01-30 18:00:00,82943.23,84160.0,81871.37,83931.13,2213.77003,-0.1251641673357668,Vendre
2026-01-30 19:00:00,83931.13,84621.16,83917.36,84242.99,1851.84536,-0.12249921328765766,Vendre
2026-01-30 20:00:00,84243.0,84299.99,83539.2,83906.34,2390.62988,-0.12382902174019263,Vendre
2026-01-30 21:00:00,83906.34,84523.11,83790.44,84273.7,835.94444,-0.13614816959502185,Vendre
2026-01-30 22:00:00,84273.71,84327.06,83918.42,84219.99,454.50219,-0.13864416274568545,Vendre
2026-01-30 23:00:00,84220.0,84298.96,83933.82,84260.49,357.01742,-0.1316709646478439,Vendre
2026-01-31 00:00:00,84260.5,84270.02,84014.01,84067.83,380.99765,-0.13322349345760437,Vendre
2026-01-31 01:00:00,84067.83,84266.22,83908.0,83999.99,474.79523,-0.1378420402192906,Vendre
2026-01-31 02:00:00,84000.0,84183.42,83815.02,84130.01,514.80351,-0.15066645065179468,Vendre
2026-01-31 03:00:00,84130.01,84232.0,84022.69,84022.69,356.74317,-0.1523331376322277,Vendre
2026-01-31 04:00:00,84022.7,84146.22,83941.43,83992.45,214.26773,-0.15601842784678857,Vendre
2026-01-31 05:00:00,83992.44,84097.37,83903.7,84000.01,249.62585,-0.1579439097685821,Vendre
2026-01-31 06:00:00,84000.01,84050.51,83638.4,83786.09,407.33324,-0.15318270610312526,Vendre
2026-01-31 07:00:00,83786.09,83805.02,83404.67,83546.81,478.7189,-0.15308735306590393,Vendre
2026-01-31 08:00:00,83546.82,83629.08,82560.75,83074.07,1142.87539,-0.14467907976580419,Vendre
2026-01-31 09:00:00,83074.08,83300.0,82894.0,83109.1,471.08907,-0.1390834457357859,Vendre
2026-01-31 10:00:00,83109.1,83203.26,82917.32,83160.0,515.13254,-0.14793013468013463,Vendre
2026-01-31 11:00:00,83160.0,83160.0,82851.97,83020.0,279.69189,-0.1529950614309804,Vendre
2026-01-31 12:00:00,83020.0,83140.0,82720.0,82762.0,537.57574,-0.15947451729054388,Vendre
2026-01-31 13:00:00,82761.99,82919.29,82478.59,82767.99,539.85854,-0.15802063092265503,Vendre
2026-01-31 14:00:00,82768.0,82928.2,80825.76,81479.99,4166.24097,-0.14819871725561098,Vendre
2026-01-31 15:00:00,81480.0,81789.68,81088.0,81302.15,1568.15407,-0.1698980900259094,Vendre
2026-01-31 16:00:00,81302.16,82200.0,80098.01,80365.04,5113.56418,-0.15018831571539068,Vendre
2026-01-31 17:00:00,80365.05,80550.74,78159.9,78893.92,6669.26832,-0.16113066761038108,Vendre
2026-01-31 18:00:00,78893.92,79143.64,75719.9,78038.38,7783.32311,-0.14981577013771946,Vendre
2026-01-31 19:00:00,78038.39,78576.3,77194.0,77750.01,2463.45994,-0.16057052597163646,Vendre
2026-01-31 20:00:00,77750.01,78141.95,77092.34,77999.03,1378.50317,-0.18235303695443392,Vendre
2026-01-31 21:00:00,77999.02,78365.02,77372.69,78292.0,1330.5666,-0.1925951565932663,Vendre
2026-01-31 22:00:00,78292.0,78499.94,78000.0,78155.17,902.43744,-0.1822951699804376,Vendre
2026-01-31 23:00:00,78155.16,79240.0,78078.67,78741.09,1552.86508,-0.20105423991463664,Vendre
2026-02-01 00:00:00,78741.1,79424.0,78644.09,78902.31,1738.02598,-0.195088331380919,Vendre
2026-02-01 01:00:00,78902.31,78943.62,78284.0,78532.17,1163.10084,-0.16320967572906736,Vendre
2026-02-01 02:00:00,78532.32,79060.44,78378.0,78900.01,762.94469,-0.17629794977212293,Vendre
2026-02-01 03:00:00,78900.01,79008.36,78666.73,78868.28,594.31033,-0.18638608576223542,Vendre
2026-02-01 04:00:00,78868.29,79119.3,78720.97,78971.75,441.04188,-0.17811318604437668,Vendre
2026-02-01 05:00:00,78973.22,79006.0,78527.13,78620.91,744.7428,-0.15533781025938267,Vendre
2026-02-01 06:00:00,78620.9,78824.1,78266.63,78300.0,568.62406,-0.17000945083014046,Vendre
2026-02-01 07:00:00,78300.01,78724.01,77967.69,78343.0,808.74546,-0.17215322364474173,Vendre
2026-02-01 08:00:00,78343.0,78863.0,78252.64,78604.02,567.72389,-0.17440545661659546,Vendre
2026-02-01 09:00:00,78604.02,79136.1,78551.15,79034.45,479.76229,-0.16745735562150424,Vendre
2026-02-01 10:00:00,79034.45,79220.72,78148.1,78279.73,863.43565,-0.15728490632249245,Vendre
2026-02-01 11:00:00,78279.73,78877.89,78279.72,78743.56,539.38656,-0.1538188011819632,Vendre
2026-02-01 12:00:00,78743.57,78760.0,78244.0,78459.67,620.90729,-0.1516924554997492,Vendre
2026-02-01 13:00:00,78459.68,78768.68,78203.21,78317.51,482.47432,-0.1404627138937383,Vendre
2026-02-01 14:00:00,78317.51,78520.0,77236.68,78211.12,1658.37078,-0.1280665716077202,Vendre
2026-02-01 15:00:00,78211.12,78254.2,76761.98,77593.4,2045.87767,-0.11556910768183885,Vendre
2026-02-01 16:00:00,77593.4,77838.48,77087.76,77494.77,1084.57336,-0.09730669566475272,Vendre
2026-02-01 17:00:00,77494.77,77748.0,77300.0,77745.32,549.82327,-0.08993197275411571,Vendre
2026-02-01 18:00:00,77745.33,78443.1,77727.27,78029.28,791.63632,-0.10576286235115852,Vendre
2026-02-01 19:00:00,78029.29,78106.1,77000.01,77174.78,457.49789,-0.083489969132403,Vendre
2026-02-01 20:00:00,77174.77,77740.91,76606.0,77103.04,1125.71882,-0.09212230801794571,Vendre
2026-02-01 21:00:00,77103.04,77161.26,76359.87,76526.03,1221.6059,-0.08059479892005382,Vendre
2026-02-01 22:00:00,76526.03,77779.63,76456.78,77249.31,1235.13318,-0.07630941946277567,Vendre
2026-02-01 23:00:00,77249.31,77610.72,75700.0,76968.21,4850.01845,-0.08299465454633817,Vendre
2026-02-02 00:00:00,76968.22,78231.26,76606.39,77672.61,1960.16053,-0.09932214200089325,Vendre
2026-02-02 01:00:00,77672.61,77942.28,76619.69,77518.87,1238.02224,-0.090911799926908,Vendre
2026-02-02 02:00:00,77518.87,77555.62,76449.84,76491.17,1406.18164,-0.0801373544162026,Vendre
2026-02-02 03:00:00,76491.18,76575.93,74604.0,76292.98,6845.40126,-0.07043885295868625,Vendre
2026-02-02 04:00:00,76292.98,76621.28,75335.9,75894.15,2387.03559,-0.06754170117196108,Vendre
2026-02-02 05:00:00,75894.15,75999.99,74911.14,75502.1,2327.56014,-0.07073445639260371,Vendre
2026-02-02 06:00:00,75502.1,76834.71,74957.51,76549.32,3207.27225,-0.10162951153583091,Vendre
2026-02-02 07:00:00,76549.32,76958.0,76327.9,76660.79,1646.53051,-0.11183879007769154,Vendre
2026-02-02 08:00:00,76660.78,77191.15,76628.28,76881.28,1422.14452,-0.10908078013269296,Vendre
2026-02-02 09:00:00,76881.28,77815.0,76652.0,77725.33,2196.40917,-0.12334627591803089,Vendre
2026-02-02 10:00:00,77725.33,77876.69,77474.85,77504.54,1049.86427,-0.12279977405194578,Vendre
2026-02-02 11:00:00,77504.54,77970.62,77451.11,77759.99,983.08962,-0.12586601412885998,Vendre
2026-02-02 12:00:00,77760.0,78434.0,77706.0,77988.51,1103.97039,-0.11493398194169883,Vendre
2026-02-02 13:00:00,77988.5,78458.0,77800.0,78224.79,960.76337,-0.1167252734075732,Vendre
2026-02-02 14:00:00,78224.8,78885.0,77626.44,77844.79,2220.07608,-0.11816847344568582,Vendre
2026-02-02 15:00:00,77844.78,79360.0,77564.62,78850.06,3238.00821,-0.12300003322762212,Vendre
2026-02-02 16:00:00,78850.06,79288.28,78584.0,78634.76,1987.74899,-0.12307025544428433,Vendre
2026-02-02 17:00:00,78634.75,79213.99,78603.93,78988.64,1407.01094,-0.12406632143558874,Vendre
2026-02-02 18:00:00,78988.65,78988.65,78369.13,78569.84,992.65857,-0.11525707574305862,Vendre
2026-02-02 19:00:00,78569.83,78697.99,78283.27,78341.5,1074.65868,-0.11447176783697018,Vendre
2026-02-02 20:00:00,78341.5,78667.38,77888.0,78008.59,902.54602,-0.10739086554442279,Vendre
2026-02-02 21:00:00,78008.59,78552.76,77922.0,78532.06,507.24426,-0.11503671239491225,Vendre
2026-02-02 22:00:00,78532.07,78853.35,78528.21,78795.2,488.24484,-0.11924406562836316,Vendre
2026-02-02 23:00:00,78795.2,78962.78,78560.0,78738.61,720.98807,-0.12000757950896004,Vendre
2026-02-03 00:00:00,78738.6,79099.99,78408.05,79065.24,994.28607,-0.1256108246809851,Vendre
2026-02-03 01:00:00,79065.24,79186.81,78716.79,79017.63,990.1874,-0.12197353932280679,Vendre
2026-02-03 02:00:00,79017.64,79017.64,77800.0,77808.01,959.76758,-0.10843755032418896,Vendre
2026-02-03 03:00:00,77808.02,78907.18,77644.09,78753.32,1068.28743,-0.12257680057170925,Vendre
2026-02-03 04:00:00,78753.32,78999.99,78488.0,78798.39,719.00577,-0.12003075189734201,Vendre
2026-02-03 05:00:00,78798.38,78809.78,78218.98,78240.45,581.74505,-0.11528474082140368,Vendre
2026-02-03 06:00:00,78240.45,78665.91,77950.0,78594.17,881.03721,-0.11747677976623463,Vendre
2026-02-03 07:00:00,78594.01,78923.93,78488.01,78794.67,705.05984,-0.11528673195788491,Vendre
2026-02-03 08:00:00,78794.67,79084.29,78464.6,78747.96,840.3253,-0.10263592860056323,Vendre
2026-02-03 09:00:00,78747.96,78841.35,77950.0,78400.01,972.9435,-0.10577575181431728,Vendre
2026-02-03 10:00:00,78400.01,78560.0,78070.0,78120.36,505.87116,-0.10053653106565301,Vendre
2026-02-03 11:00:00,78120.36,78349.24,78004.08,78079.5,475.83471,-0.09067066259389474,Vendre
2026-02-03 12:00:00,78079.5,78416.9,78000.0,78330.26,933.6271,-0.09039048255425168,Vendre
2026-02-03 13:00:00,78330.26,78458.89,78187.91,78307.65,529.49211,-0.08674605865455023,Vendre
2026-02-03 14:00:00,78307.65,78434.61,77156.24,77201.22,2011.4149,-0.07692922469359939,Vendre
2026-02-03 15:00:00,77201.21,78196.83,77055.54,78132.33,2069.08407,-0.08886641419755428,Vendre
2026-02-03 16:00:00,78132.34,78134.53,76400.0,76488.08,3199.23624,-0.07938596445354625,Vendre
2026-02-03 17:00:00,76488.08,76525.44,74882.28,74915.79,3210.53566,-0.05512589535530479,Vendre
2026-02-03 18:00:00,74915.79,75302.76,73137.66,73139.13,8932.04301,-0.02723412214501327,Vendre
2026-02-03 19:00:00,73139.12,75291.1,72945.5,74935.0,3497.82279,-0.04686768532728363,Vendre
2026-02-03 20:00:00,74935.0,76721.25,74586.54,76475.52,2122.86901,-0.07375366653276769,Vendre
2026-02-03 21:00:00,76475.53,76960.0,76124.05,76239.43,1110.97152,-0.07265833440779913,Vendre
2026-02-03 22:00:00,76239.43,76299.19,75406.79,75708.83,1013.97922,-0.061323626319413536,Vendre
2026-02-03 23:00:00,75708.82,76000.0,75428.16,75770.21,794.68224,-0.07179378280725368,Vendre
2026-02-04 00:00:00,75770.21,76264.0,75467.22,75910.88,730.62893,-0.07124802136399946,Vendre
2026-02-04 01:00:00,75910.88,76798.12,75910.88,76423.73,952.72942,-0.07921884995668227,Vendre
2026-02-04 02:00:00,76423.73,76610.04,75707.41,75963.35,853.38888,-0.07020964715221222,Vendre
2026-02-04 03:00:00,75963.35,76971.52,75906.05,76698.17,1036.93598,-0.07028342397217562,Vendre
2026-02-04 04:00:00,76698.17,76830.69,76413.64,76479.75,577.39018,-0.07158417751104057,Vendre
2026-02-04 05:00:00,76479.75,76526.8,76105.3,76279.99,1056.73491,-0.06863503783888815,Vendre
2026-02-04 06:00:00,76280.0,76780.0,76259.9,76652.68,609.34015,-0.07807593941920878,Vendre
2026-02-04 07:00:00,76652.68,76657.31,76335.46,76514.3,593.58526,-0.07961531373873912,Vendre
2026-02-04 08:00:00,76514.3,76600.0,76068.69,76587.26,736.19473,-0.08765517920343396,Vendre
2026-02-04 09:00:00,76587.26,76607.69,75967.1,76119.0,632.82215,-0.08524350030872704,Vendre
2026-02-04 10:00:00,76119.0,76338.65,76069.0,76302.1,440.91077,-0.0992662063036273,Vendre
2026-02-04 11:00:00,76302.1,76302.1,75666.0,76017.25,1102.73317,-0.09324896651746806,Vendre
2026-02-04 12:00:00,76017.25,76260.85,76000.0,76180.85,942.91713,-0.09233081542146104,Vendre
2026-02-04 13:00:00,76180.84,76186.98,74867.0,74867.0,1563.62436,-0.08378097158961884,Vendre
2026-02-04 14:00:00,74867.0,75769.23,74256.0,74359.53,2801.90282,-0.06841799564897733,Vendre
2026-02-04 15:00:00,74359.53,75328.28,73794.11,74136.36,3644.50098,-0.06168349781402817,Vendre
2026-02-04 16:00:00,74136.48,74249.83,73076.92,73636.01,3089.62892,-0.048115045885837655,Vendre
2026-02-04 17:00:00,73635.63,73863.92,72169.0,72576.08,5764.80542,-0.027058364133196615,Vendre
2026-02-04 18:00:00,72576.08,74140.0,72273.68,73425.96,3480.01439,-0.04095663168721271,Vendre
2026-02-04 19:00:00,73425.97,74007.28,73041.41,73923.29,1609.77508,-0.040126460821751836,Vendre
2026-02-04 20:00:00,73923.3,74144.0,73425.56,73516.3,1052.61663,-0.03778196127933528,Vendre
2026-02-04 21:00:00,73516.3,73654.0,72210.0,72799.99,1379.23839,-0.03296690013281602,Vendre
2026-02-04 22:00:00,72800.0,73680.0,71888.0,72543.38,2426.62344,-0.029918925751736384,Vendre
2026-02-04 23:00:00,72543.38,73520.59,72468.12,73165.83,1296.31791,-0.041383115588246616,Vendre
2026-02-05 00:00:00,73165.84,73325.6,72754.21,72868.02,1031.56586,-0.041728730930248994,Vendre
2026-02-05 01:00:00,72868.02,73341.18,71995.09,72421.26,1796.49365,-0.026710940958497378,Vendre
2026-02-05 02:00:00,72421.26,72854.39,71305.55,71454.44,2979.51665,-0.018914849797997197,Attendre
2026-02-05 03:00:00,71454.44,71884.47,71152.78,71223.25,2548.86017,-0.024028951220282677,Vendre
2026-02-05 04:00:00,71223.25,71437.68,70701.0,70888.08,4293.99043,-0.014903210807797395,Attendre
2026-02-05 05:00:00,70888.09,71150.16,70140.0,70732.72,4302.51294,-0.01816811229654397,Attendre
2026-02-05 06:00:00,70732.73,70984.62,70434.05,70951.51,2020.09726,-0.028613344522195355,Vendre
2026-02-05 07:00:00,70951.51,71622.82,70644.73,70756.85,2612.40429,-0.02596483591341336,Vendre
2026-02-05 08:00:00,70756.86,71550.0,70683.58,71054.99,1815.06036,-0.026922669329768466,Vendre
2026-02-05 09:00:00,71054.99,71978.58,71049.35,71550.0,1842.40706,-0.03352201257861635,Vendre
2026-02-05 10:00:00,71549.99,71726.79,70656.59,70858.13,1618.18196,-0.027328550725230986,Vendre
2026-02-05 11:00:00,70858.13,71063.94,69922.0,70318.35,4107.09256,-0.025360947746925388,Vendre
2026-02-05 12:00:00,70318.35,70603.49,69163.0,69563.57,5331.37678,-0.013706168329198912,Attendre
2026-02-05 13:00:00,69563.56,69831.85,69261.11,69688.94,2587.65964,-0.00948486230383193,Attendre
2026-02-05 14:00:00,69688.94,70872.04,69285.71,69404.76,3459.24538,-0.013606559550094268,Attendre
2026-02-05 15:00:00,69404.75,69616.29,66720.15,67489.07,13836.57347,0.026734699411326727,Acheter
2026-02-05 16:00:00,67489.08,68681.81,66955.34,68295.15,5860.78146,0.01790112475044,Attendre
2026-02-05 17:00:00,68295.15,68374.79,66152.0,66181.69,6127.2285,0.05656579637056707,Acheter
2026-02-05 18:00:00,66181.68,66542.87,65385.0,66347.0,5703.68497,0.03839450163534147,Acheter
2026-02-05 19:00:00,66347.01,66637.46,65200.0,65265.65,3605.53717,0.05816781109205215,Acheter
2026-02-05 20:00:00,65265.66,65700.0,62345.0,63775.67,13269.97533,0.07805531482460316,Acheter
2026-02-05 21:00:00,63775.66,64775.0,62888.34,63213.34,6727.66673,0.08610318644767086,Acheter
2026-02-05 22:00:00,63213.34,64615.88,62690.9,63907.86,4776.16051,0.07509749192039904,Acheter
2026-02-05 23:00:00,63907.86,64908.0,62717.48,62909.86,4044.75586,0.09428458432430135,Acheter
2026-02-06 00:00:00,62909.87,63861.87,60000.0,63509.39,15965.67588,0.08962060570885659,Acheter
2026-02-06 01:00:00,63509.4,65760.0,63509.39,65714.96,6085.05108,0.049715315964583916,Acheter
2026-02-06 02:00:00,65714.96,66010.0,64201.28,64990.1,4172.0595,0.05673525660062076,Acheter
2026-02-06 03:00:00,64990.11,65172.13,63770.17,64168.33,2757.61679,0.06264242812614888,Acheter
2026-02-06 04:00:00,64168.33,65000.0,63914.62,64905.84,2678.77331,0.04126932183606298,Acheter
2026-02-06 05:00:00,64905.54,66826.5,64800.01,66408.11,3077.34633,0.015000728073724703,Attendre
2026-02-06 06:00:00,66408.11,66800.0,64856.88,64988.26,3562.00258,0.02819063012304076,Acheter
2026-02-06 07:00:00,64988.26,65543.79,64654.11,64856.0,3886.24107,0.03356235352164798,Acheter
2026-02-06 08:00:00,64856.0,65206.11,64500.0,64895.05,2403.94942,0.032144516415350696,Acheter
2026-02-06 09:00:00,64895.04,66163.0,64764.7,65799.55,2736.04998,0.01629919961458697,Attendre
2026-02-06 10:00:00,65799.55,66220.0,65550.0,65967.51,2067.37547,0.008556939620731637,Attendre
2026-02-06 11:00:00,65967.51,66755.13,65772.17,66631.32,2445.47098,0.006329005638789563,Attendre
2026-02-06 12:00:00,66631.32,66631.32,66114.49,66557.93,1895.66919,0.008647654757291987,Attendre
2026-02-06 13:00:00,66557.93,67690.7,66480.82,67316.82,4063.76595,0.0020451055174620287,Attendre
2026-02-06 14:00:00,67316.82,68647.45,66629.36,68194.89,5594.57909,-0.023613059570885643,Vendre
2026-02-06 15:00:00,68194.9,69192.0,67772.0,68626.0,6052.81042,-0.03069201177396328,Vendre
2026-02-06 16:00:00,68625.99,70224.62,68428.19,69954.01,6892.60997,-0.05596419704888967,Vendre
2026-02-06 17:00:00,69954.01,71500.0,69593.43,70753.53,5224.54006,-0.05985948686941844,Vendre
2026-02-06 18:00:00,70753.53,70816.0,69340.91,69776.68,3217.47319,-0.035847793274199874,Vendre
2026-02-06 19:00:00,69776.68,70952.0,69662.22,70731.46,1949.07605,-0.04446097959804601,Vendre
2026-02-06 20:00:00,70731.45,70996.77,70000.12,70000.13,1842.94729,-0.0349163637267532,Vendre
2026-02-06 21:00:00,70000.14,70508.75,69837.35,70358.43,1079.99332,-0.03620404832796859,Vendre
2026-02-06 22:00:00,70358.44,71577.09,70279.09,71354.46,1439.41821,-0.05495549962819432,Vendre
2026-02-06 23:00:00,71354.46,71751.33,70505.0,70580.26,1448.72018,-0.0495569157722002,Vendre
2026-02-07 00:00:00,70580.26,70600.0,69718.0,69958.0,1684.48527,-0.03569641785071043,Vendre
2026-02-07 01:00:00,69958.0,70680.54,69741.87,70471.49,1257.48702,-0.03934186718629066,Vendre
2026-02-07 02:00:00,70471.48,70624.49,70151.51,70361.37,828.17189,-0.04153173822510841,Vendre
2026-02-07 03:00:00,70361.36,70928.75,70270.0,70918.99,917.62946,-0.04706778819044095,Vendre
2026-02-07 04:00:00,70918.99,71690.07,70604.55,70768.13,1760.77139,-0.052986139382233365,Vendre
2026-02-07 05:00:00,70768.0,71191.88,69800.0,70161.5,1954.17044,-0.04303742080770803,Vendre
2026-02-07 06:00:00,70161.51,70310.0,68757.68,68769.65,3067.81307,-0.023907057837287048,Vendre
2026-02-07 07:00:00,68769.66,69084.55,67300.0,68087.14,6488.56676,-0.01276922484921526,Attendre
2026-02-07 08:00:00,68087.13,68790.0,67747.65,68495.01,2785.44241,-0.01976581943706557,Attendre
2026-02-07 09:00:00,68495.01,68763.28,67885.86,68138.2,2704.83478,-0.00862555805700761,Attendre
2026-02-07 10:00:00,68138.19,68299.3,67582.48,67987.0,2026.15669,0.00039728183329158166,Attendre
2026-02-07 11:00:00,67986.99,68157.21,67700.0,67972.65,1172.5817,0.0015206115989298723,Attendre
2026-02-07 12:00:00,67972.65,69999.99,67901.89,69024.98,3372.78032,-0.016800729243239162,Attendre
2026-02-07 13:00:00,69024.98,69364.5,68821.64,69093.98,1462.50623,-0.010382959557402746,Attendre
2026-02-07 14:00:00,69093.98,69187.27,68358.75,68645.99,1780.47515,-0.015572213322293131,Attendre
2026-02-07 15:00:00,68646.0,69762.46,68556.0,69151.5,2675.07885,-0.029164370982552725,Vendre
2026-02-07 16:00:00,69151.5,69898.0,68822.51,68957.16,3767.46183,-0.04486539178817701,Vendre
2026-02-07 17:00:00,68957.16,69408.0,68531.5,69188.81,1260.95907,-0.054558244317253035,Vendre
2026-02-07 18:00:00,69188.81,69690.89,69009.09,69514.11,815.22684,-0.05643688741753298,Vendre
2026-02-07 19:00:00,69514.11,69577.43,69266.66,69373.61,549.67003,-0.05168031474792792,Vendre
2026-02-07 20:00:00,69373.61,69728.83,69252.72,69631.18,431.2072,-0.0603554327242479,Vendre
2026-02-07 21:00:00,69631.18,69699.16,69356.16,69497.99,322.93251,-0.05249245337886764,Vendre
2026-02-07 22:00:00,69497.99,69727.86,69325.67,69399.34,469.65551,-0.04483241483276349,Vendre
2026-02-07 23:00:00,69399.34,69462.42,68787.34,69289.38,699.41594,-0.043545056976985595,Vendre
2026-02-08 00:00:00,69289.37,69432.0,68888.0,69133.79,682.62238,-0.04650678054826718,Vendre
2026-02-08 01:00:00,69133.8,69500.0,69095.17,69379.57,433.38727,-0.04215390784347625,Vendre
2026-02-08 02:00:00,69379.57,69696.57,69167.42,69370.7,452.71707,-0.03903117598640342,Vendre
2026-02-08 03:00:00,69370.69,69443.9,69069.65,69099.99,457.68257,-0.03685832660757264,Vendre
2026-02-08 04:00:00,69100.0,69372.06,68952.01,69340.16,390.41434,-0.04342274376061437,Vendre
2026-02-08 05:00:00,69340.15,69422.43,69146.47,69220.52,386.01063,-0.043985945208155186,Vendre
2026-02-08 06:00:00,69220.53,69518.56,69090.0,69361.18,1121.01748,-0.043279252169585274,Vendre
2026-02-08 07:00:00,69361.18,69719.07,69215.69,69710.69,980.72904,-0.05023232448280165,Vendre
2026-02-08 08:00:00,69710.69,70796.99,69514.15,70665.59,1875.5789,-0.056118260669726104,Vendre
2026-02-08 09:00:00,70665.59,70712.71,70094.71,70107.19,1028.89501,-0.04489525254114444,Vendre
2026-02-08 10:00:00,70107.2,70449.99,69890.52,70266.41,1062.517,-0.04680401346817063,Vendre
2026-02-08 11:00:00,70266.41,71220.0,70210.26,70999.98,1342.32428,-0.053923395471378976,Vendre
2026-02-08 12:00:00,70999.99,71281.74,70707.39,71249.95,791.13826,-0.05846951471544889,Vendre
2026-02-08 13:00:00,71249.65,71517.27,70956.0,71514.77,1080.90623,-0.05929712141981313,Vendre
2026-02-08 14:00:00,71514.77,71554.95,71105.0,71262.19,872.42876,-0.049516861606414386,Vendre
2026-02-08 15:00:00,71262.18,71465.93,70786.18,71188.99,914.74435,-0.03507382251103731,Vendre
2026-02-08 16:00:00,71188.99,71256.97,70251.33,70416.0,1094.49116,-0.020752527834583017,Vendre
2026-02-08 17:00:00,70415.99,70871.66,70407.42,70785.99,515.39696,-0.024552881156285303,Vendre
2026-02-08 18:00:00,70786.0,71418.0,70750.0,71147.25,643.64182,-0.028353309509503103,Vendre
2026-02-08 19:00:00,71147.24,71538.05,71142.77,71422.97,466.64362,-0.03477956741367655,Vendre
2026-02-08 20:00:00,71422.96,71427.73,70700.03,70835.17,803.14197,-0.029054070174462814,Vendre
2026-02-08 21:00:00,70835.17,71136.03,70524.14,70700.0,621.70092,-0.025424611032531883,Vendre
2026-02-08 22:00:00,70700.01,71100.04,70652.11,71066.09,568.07657,-0.029139213934522044,Vendre
2026-02-08 23:00:00,71066.09,72271.41,70000.0,70330.38,2834.32509,-0.020992635046191963,Vendre
2026-02-09 00:00:00,70330.38,70774.4,70123.02,70502.38,961.77536,-0.02002967843071396,Vendre
2026-02-09 01:00:00,70502.37,70926.4,70068.18,70369.53,1060.82602,-0.019966312124011686,Attendre
2026-02-09 02:00:00,70369.53,71000.0,70220.12,70629.99,832.82995,-0.024717262454659824,Vendre
2026-02-09 03:00:00,70629.99,71453.53,70614.07,71307.56,1165.88308,-0.03261323203318123,Vendre
2026-02-09 04:00:00,71307.56,71359.37,70924.13,71005.01,663.12266,-0.031195122710355155,Vendre
2026-02-09 05:00:00,71005.01,71112.0,70805.0,71044.51,554.37782,-0.03196714285171362,Vendre
2026-02-09 06:00:00,71044.51,71044.52,70311.7,70667.95,697.3032,-0.024494413662770765,Vendre
2026-02-09 07:00:00,70667.96,70902.51,70331.57,70422.59,1015.80172,-0.01708727270610186,Attendre
2026-02-09 08:00:00,70422.59,70608.83,69393.97,69873.99,1595.15551,-0.0018288636443976956,Attendre
2026-02-09 09:00:00,69873.45,70116.0,69478.63,69630.35,1112.26419,0.0012147001989791404,Attendre
2026-02-09 10:00:00,69630.35,69730.38,68420.58,68727.88,2052.69575,0.013735037367659178,Attendre
2026-02-09 11:00:00,68727.88,69022.89,68573.31,68928.72,1348.78221,0.022878997317808947,Acheter
2026-02-09 12:00:00,68928.71,69262.91,68857.97,69147.01,1009.44887,0.007132484831954445,Attendre
2026-02-09 13:00:00,69147.02,69299.99,68586.48,68594.57,1029.85836,0.012616596328251536,Attendre
2026-02-09 14:00:00,68594.56,69755.59,68308.0,69272.0,2516.24849,0.0062025060630558305,Attendre
2026-02-09 15:00:00,69271.99,69884.82,68780.0,69563.37,2308.23216,0.0030894132932318187,Attendre
2026-02-09 16:00:00,69563.37,70428.48,69100.0,70093.01,1734.77412,-0.0048208801419712035,Attendre
2026-02-09 17:00:00,70093.0,71000.0,69870.65,70612.29,2206.43168,-0.012362012335246302,Attendre
2026-02-09 18:00:00,70612.29,71012.0,70088.88,70418.68,1419.6332,-0.009178956492794176,Attendre
2026-02-09 19:00:00,70418.67,71075.31,70260.0,70957.01,878.36448,-0.0152630444828494,Attendre
2026-02-09 20:00:00,70957.01,71126.0,70500.0,70738.71,948.93614,-0.010116384649932262,Attendre
2026-02-09 21:00:00,70738.71,70807.75,69823.52,70400.0,1102.83201,-0.006592897727272719,Attendre
2026-02-09 22:00:00,70400.01,70719.7,70271.13,70372.96,530.94981,-0.005871715499817066,Attendre
2026-02-09 23:00:00,70372.96,70572.84,70083.45,70138.0,406.20163,-0.00449185890672678,Attendre
2026-02-10 00:00:00,70138.0,70255.36,69743.8,69827.33,569.13678,-0.0007197754804600829,Attendre
2026-02-10 01:00:00,69827.34,70527.59,69827.34,70486.82,544.68673,-0.010912252815491076,Attendre
2026-02-10 02:00:00,70486.82,70486.82,69982.27,70102.89,444.00707,-0.00888522570182206,Attendre
2026-02-10 03:00:00,70102.9,70166.22,69208.61,69511.83,911.79715,0.006368268537887699,Attendre
2026-02-10 04:00:00,69511.83,69906.5,69469.58,69831.62,489.42781,0.005045994923216874,Attendre
2026-02-10 05:00:00,69831.62,69864.0,69210.76,69447.64,565.92441,0.011807024687951976,Attendre
2026-02-10 06:00:00,69447.63,69499.9,68682.0,68921.35,1241.02042,0.021528452359101925,Acheter
2026-02-10 07:00:00,68921.36,69218.64,68852.43,68919.66,837.11514,0.02769543552594419,Acheter
2026-02-10 08:00:00,68919.66,69226.16,68725.81,69142.0,730.03493,0.01886725868502508,Attendre
2026-02-10 09:00:00,69141.99,69417.7,68950.0,69151.5,1044.9818,0.01833091111544942,Attendre
2026-02-10 10:00:00,69151.5,69258.52,68921.64,68921.68,686.30742,0.02184131321233045,Acheter
2026-02-10 11:00:00,68921.68,69085.79,68459.89,68535.01,1128.13956,0.025683369711334492,Acheter
2026-02-10 12:00:00,68535.02,68855.35,68434.0,68610.12,821.53118,0.010262188726677801,Attendre
2026-02-10 13:00:00,68610.11,69143.6,68370.23,69027.95,992.44284,-0.0014189904234443741,Attendre
2026-02-10 14:00:00,69027.94,69591.2,67800.0,68460.4,2352.751,0.010372565746037135,Attendre
2026-02-10 15:00:00,68460.4,69519.72,68300.9,69293.37,1676.38862,-0.0027907431836550903,Attendre
2026-02-10 16:00:00,69293.37,69810.35,68945.23,69517.71,1394.08093,-0.0071918364399518675,Attendre
2026-02-10 17:00:00,69517.71,69993.65,69309.35,69925.31,899.7843,-0.01836387997421808,Attendre
2026-02-10 18:00:00,69925.31,69943.44,68604.63,68894.36,897.73226,-0.006428973286057063,Attendre
2026-02-10 19:00:00,68894.36,69303.99,68690.32,69062.01,805.90106,-0.011227301377414156,Attendre
2026-02-10 20:00:00,69062.0,69136.91,68629.47,68753.7,425.90627,-0.004417216818876615,Attendre
2026-02-10 21:00:00,68753.69,69005.45,68362.0,68656.21,402.88764,0.002851890601010285,Attendre
2026-02-10 22:00:00,68656.22,68860.4,68566.8,68707.18,289.48213,0.004261272257135476,Attendre
2026-02-10 23:00:00,68707.18,68860.09,68506.2,68841.29,222.30327,-0.00012652290507618105,Attendre
2026-02-11 00:00:00,68841.28,69244.45,68784.47,69201.14,437.64105,-0.005134741999915055,Attendre
2026-02-11 01:00:00,69201.14,69292.88,68914.73,68982.0,303.52695,-0.005091038241860229,Attendre
2026-02-11 02:00:00,68982.0,69168.52,68603.4,68677.33,398.35346,-0.005196037760932258,Attendre
2026-02-11 03:00:00,68677.34,68751.91,68011.11,68187.99,778.71298,0.0034731922733021127,Attendre
2026-02-11 04:00:00,68188.0,68325.0,67368.0,67584.46,1295.18481,0.01902227227975189,Attendre
2026-02-11 05:00:00,67584.47,67810.0,67397.86,67404.28,744.08532,0.014554120302152843,Attendre
2026-02-11 06:00:00,67404.28,67491.84,66557.99,66820.32,1841.79675,0.024400960665857268,Acheter
2026-02-11 07:00:00,66819.84,67254.6,66652.27,67032.72,1293.95919,0.023200311728361806,Acheter
2026-02-11 08:00:00,67032.71,67134.42,66793.93,66981.07,871.78483,0.026601247188198077,Acheter
2026-02-11 09:00:00,66981.08,67110.04,66716.02,66872.03,712.9704,0.03171251119488982,Acheter
2026-02-11 10:00:00,66872.03,66891.64,66369.49,66531.99,1318.02907,0.03406226087630921,Acheter
2026-02-11 11:00:00,66531.99,67110.77,66500.84,67053.03,1011.30301,0.026244899000089972,Acheter
2026-02-11 12:00:00,67053.03,67424.24,66959.67,67133.5,1251.20611,0.03917179947418212,Acheter
2026-02-11 13:00:00,67133.51,67674.3,66799.58,67454.49,1973.91228,0.0139443645634264,Attendre
2026-02-11 14:00:00,67454.49,68834.34,66435.62,66584.6,3127.14059,0.027679673678297885,Acheter
2026-02-11 15:00:00,66584.61,66818.18,65756.0,66519.73,2796.32516,0.01533063949598124,Attendre
2026-02-11 16:00:00,66519.72,67250.0,65952.0,66039.09,1746.45856,0.028007805679938966,Acheter
2026-02-11 17:00:00,66039.08,66921.12,65876.0,66518.26,1110.21085,0.021551976855678515,Acheter
2026-02-11 18:00:00,66518.26,67305.28,66150.66,67275.34,935.25515,0.008692486726934538,Attendre
2026-02-11 19:00:00,67275.34,67860.44,67105.79,67586.67,1212.94694,0.0048346811582815775,Attendre
2026-02-11 20:00:00,67586.66,67757.7,67190.0,67555.98,514.2706,0.014417968623947194,Attendre
2026-02-11 21:00:00,67555.98,68369.77,67417.04,67811.17,1823.53852,0.015509391741803104,Attendre
2026-02-11 22:00:00,67810.2,67872.68,67387.24,67433.14,541.63723,0.0171707857590497,Attendre
2026-02-11 23:00:00,67433.54,67563.77,66787.7,67082.52,677.99621,0.026980351960540373,Acheter
2026-02-12 00:00:00,67082.52,67700.0,67055.53,67460.75,581.7604,0.02101251468446473,Acheter
2026-02-12 01:00:00,67460.75,68047.48,67460.75,67699.01,549.26066,0.013576269431414224,Attendre
2026-02-12 02:00:00,67699.01,67800.0,67418.0,67439.14,554.16819,0.02074967148157578,Acheter
2026-02-12 03:00:00,67439.14,67596.0,67306.61,67580.99,415.78114,0.013227240382243422,Attendre
2026-02-12 04:00:00,67581.0,67682.69,67000.0,67018.4,588.3789,0.021833854583219,Acheter
2026-02-12 05:00:00,67018.4,67209.99,66670.45,67141.93,683.92376,0.016439503600805244,Attendre
2026-02-12 06:00:00,67141.92,67355.93,67014.0,67125.57,830.7495,0.018985760567843117,Attendre
2026-02-12 07:00:00,67125.57,67330.0,66935.64,67217.72,607.54971,0.01741207526824763,Attendre
2026-02-12 08:00:00,67217.71,67344.0,66891.6,67141.15,783.02638,0.015435839272934777,Attendre
2026-02-12 09:00:00,67141.15,67699.1,67050.0,67550.47,644.02356,0.008524144983743232,Attendre
2026-02-12 10:00:00,67550.46,68026.6,67404.02,68014.01,843.40689,-0.0024805183520276463,Attendre
2026-02-12 11:00:00,68014.0,68299.0,67740.0,68076.01,1397.59947,-0.0032523939049892755,Attendre
2026-02-12 12:00:00,68076.01,68162.02,67720.0,67865.31,829.25823,0.0007983460180172693,Attendre
2026-02-12 13:00:00,67865.32,68397.5,67680.82,68376.58,960.32991,-0.0035134837103582136,Attendre
2026-02-12 14:00:00,68376.58,68410.52,67493.78,67577.02,1431.75163,-0.010387554822630627,Attendre
2026-02-12 15:00:00,67577.02,68000.0,67014.98,67134.74,1602.90239,0.0038327399495402476,Attendre
2026-02-12 16:00:00,67134.74,67232.04,65556.0,65863.37,3193.11571,0.025112441103454095,Acheter
2026-02-12 17:00:00,65863.38,66265.06,65374.56,65413.99,2100.56023,0.02797918304631782,Acheter
2026-02-12 18:00:00,65414.0,65800.0,65118.0,65590.95,1612.17039,0.03823195120668321,Acheter
2026-02-12 19:00:00,65590.95,66117.51,65274.4,65788.36,1027.63649,0.030475907896168962,Acheter
2026-02-12 20:00:00,65788.36,66042.24,65215.06,65428.56,894.16583,0.03553096690497247,Acheter
2026-02-12 21:00:00,65428.24,65900.0,65428.24,65849.87,590.26423,0.02780066232476994,Acheter
2026-02-12 22:00:00,65849.86,66399.94,65643.34,66288.0,642.82133,0.01870202751629256,Attendre
2026-02-12 23:00:00,66288.01,66488.9,66156.47,66272.17,907.1379,0.018580197389039863,Attendre
2026-02-13 00:00:00,66272.17,66527.09,65872.46,65918.6,765.38996,0.02099635004384177,Acheter
2026-02-13 01:00:00,65918.61,66619.9,65918.61,66454.95,771.58544,0.010687691436078126,Attendre
2026-02-13 02:00:00,66454.95,66759.61,66384.0,66663.08,476.45341,0.010079942300895666,Attendre
2026-02-13 03:00:00,66663.08,66814.0,66462.4,66553.08,569.96335,0.016167997033345396,Attendre
2026-02-13 04:00:00,66553.09,66671.62,66308.48,66329.22,462.15015,0.02252883420007038,Acheter
2026-02-13 05:00:00,66329.22,66502.27,66175.79,66175.79,484.2505,0.022349714298839644,Acheter
2026-02-13 06:00:00,66175.79,66397.86,66002.98,66359.28,613.96613,0.02247221488840755,Acheter
2026-02-13 07:00:00,66359.28,66568.47,66050.21,66208.96,868.05316,0.028658960962383274,Acheter
2026-02-13 08:00:00,66208.96,66747.38,66191.52,66699.96,603.02656,0.02148217180340139,Acheter
2026-02-13 09:00:00,66699.96,67062.93,66612.86,66959.71,592.93469,0.01789255060991135,Attendre
2026-02-13 10:00:00,66959.72,67116.0,66800.0,66977.66,516.91289,0.012296637416117423,Attendre
2026-02-13 11:00:00,66977.66,67226.66,66783.38,67171.42,488.71065,0.0029525950173452005,Attendre
2026-02-13 12:00:00,67171.41,67212.28,66918.38,67084.0,405.35988,0.0055759942758332485,Attendre
2026-02-13 13:00:00,67084.01,67615.34,66938.0,67274.15,1624.06539,-0.0005540017971239998,Attendre
2026-02-13 14:00:00,67274.14,68028.45,66867.47,67733.51,1724.03844,-0.0075258169848277465,Attendre
2026-02-13 15:00:00,67733.51,69309.8,67692.0,68692.12,3133.0872,-0.014530196476684671,Attendre
2026-02-13 16:00:00,68692.12,69482.97,68540.83,68954.69,1775.68698,-0.026239694500838243,Vendre
2026-02-13 17:00:00,68954.69,69250.25,68636.36,69047.99,921.29676,-0.026946475922036337,Vendre
2026-02-13 18:00:00,69048.0,69411.44,68903.27,69129.99,1063.59333,-0.04006944019520327,Vendre
2026-02-13 19:00:00,69129.99,69236.33,68918.79,68938.91,560.0454,-0.040061120780702855,Vendre
2026-02-13 20:00:00,68938.91,68973.35,68683.32,68777.12,555.3285,-0.03647622930416389,Vendre
2026-02-13 21:00:00,68777.13,69079.4,68731.75,68902.48,463.4195,-0.03714989649138901,Vendre
2026-02-13 22:00:00,68902.48,69000.0,68726.4,68995.28,544.04056,-0.03748749189799638,Vendre
2026-02-13 23:00:00,68995.29,69000.0,68829.2,68853.96,261.19072,-0.034754137597895696,Vendre
2026-02-14 00:00:00,68853.97,69137.5,68768.56,69090.24,447.10398,-0.03826517319957203,Vendre
2026-02-14 01:00:00,69090.25,69108.8,68921.54,68964.51,344.69001,-0.030419849281898757,Vendre
2026-02-14 02:00:00,68964.51,69006.34,68845.6,68884.21,261.74234,-0.029745713858081686,Vendre
2026-02-14 03:00:00,68884.21,69027.14,68852.0,68981.99,238.3937,-0.02900873111952847,Vendre
2026-02-14 04:00:00,68982.0,68995.11,68789.59,68790.0,489.78591,-0.02888864660561128,Vendre
2026-02-14 05:00:00,68790.01,68910.0,68760.0,68773.42,308.2603,-0.027657051227058253,Vendre
2026-02-14 06:00:00,68773.41,68936.98,68730.13,68936.98,470.43757,-0.02592019551770328,Vendre
2026-02-14 07:00:00,68936.98,69343.0,68884.56,69219.26,919.89001,-0.029078756403925696,Vendre
2026-02-14 08:00:00,69219.27,69870.99,69218.71,69746.2,1347.80343,-0.039859949359248276,Vendre
2026-02-14 09:00:00,69746.2,69900.0,69566.78,69714.93,555.36385,-0.04129574540202498,Vendre
2026-02-14 10:00:00,69714.94,69714.94,69585.15,69671.86,257.25533,-0.04060147095254811,Vendre
2026-02-14 11:00:00,69671.86,70560.01,69671.86,70505.74,1370.55448,-0.05687083065861022,Vendre
2026-02-14 12:00:00,70505.74,70533.67,69600.0,69640.2,1278.19574,-0.044852398470998055,Vendre
2026-02-14 13:00:00,69640.2,69771.91,69064.6,69460.0,3393.7597,-0.05106003455226036,Vendre
2026-02-14 14:00:00,69460.0,69856.7,69208.09,69701.66,1680.0126,-0.04706430234229725,Vendre
2026-02-14 15:00:00,69701.66,70048.39,69560.0,69778.28,751.6532,-0.048443154517422884,Vendre
2026-02-14 16:00:00,69778.28,69815.0,69283.02,69755.1,1006.67903,-0.04962461526110645,Vendre
2026-02-14 17:00:00,69755.1,69930.9,69609.0,69739.38,685.87401,-0.04832219615373704,Vendre
2026-02-14 18:00:00,69739.38,69856.7,69672.55,69772.31,270.42048,-0.03929667800879737,Vendre
2026-02-14 19:00:00,69772.3,69920.6,69619.52,69873.99,332.30706,-0.040415467901575464,Vendre
2026-02-14 20:00:00,69873.99,70028.59,69732.75,70023.09,434.13483,-0.041043318711013695,Vendre
2026-02-14 21:00:00,70023.1,70250.46,69668.05,69935.86,640.89584,-0.04317313035115327,Vendre
2026-02-14 22:00:00,69935.86,70100.0,69781.0,69959.75,292.90739,-0.043519452256476056,Vendre
2026-02-14 23:00:00,69959.74,70020.0,69723.18,69822.95,336.66314,-0.040376695628013444,Vendre
2026-02-15 00:00:00,69822.94,69864.74,69600.0,69777.07,292.27775,-0.03651858697993486,Vendre
2026-02-15 01:00:00,69777.06,69902.7,69350.0,69717.65,400.20039,-0.03496603801189513,Vendre
2026-02-15 02:00:00,69717.65,69753.9,69341.27,69480.01,375.21945,-0.0322104156288981,Vendre
2026-02-15 03:00:00,69480.0,69990.02,69251.5,69954.5,697.2437,-0.036999049382098366,Vendre
2026-02-15 04:00:00,69954.5,70518.57,69459.35,70183.99,2275.16813,-0.04159296158568362,Vendre
2026-02-15 05:00:00,70184.0,70472.43,70132.54,70267.61,540.45783,-0.035258207871307914,Vendre
2026-02-15 06:00:00,70267.6,70540.99,70184.09,70405.12,505.71551,-0.03632761367355093,Vendre
2026-02-15 07:00:00,70405.12,70926.42,70307.11,70828.42,1425.80275,-0.042391316931819106,Vendre
2026-02-15 08:00:00,70828.43,70983.0,70182.31,70446.52,898.37828,-0.03643231773549636,Vendre
2026-02-15 09:00:00,70446.52,70668.0,70370.3,70419.11,334.99126,-0.031245211704606812,Vendre
2026-02-15 10:00:00,70419.12,70523.94,70208.16,70427.02,382.24903,-0.03518578522845349,Vendre
2026-02-15 11:00:00,70427.02,70543.14,70267.6,70295.22,457.63561,-0.0423472605960974,Vendre
2026-02-15 12:00:00,70295.22,70418.48,69309.87,69314.21,1027.34588,-0.025571091411126262,Vendre
2026-02-15 13:00:00,69314.22,69620.06,68772.2,68930.0,1749.29694,-0.03087741186711163,Vendre
2026-02-15 14:00:00,68930.0,69219.71,68845.72,69170.51,629.32577,-0.030372191848809568,Vendre
2026-02-15 15:00:00,69170.51,69255.6,68888.0,69099.99,446.59665,-0.021954272352282655,Vendre
2026-02-15 16:00:00,69100.0,69100.0,68658.0,69017.75,1442.09011,-0.01770964715598522,Attendre
2026-02-15 17:00:00,69017.76,69085.22,68203.6,68641.21,1194.71218,-0.014974095007940724,Attendre
2026-02-15 18:00:00,68641.21,68800.0,68274.31,68451.44,2695.36643,-0.007702248484473021,Attendre
2026-02-15 19:00:00,68451.45,68560.84,68000.0,68286.63,2807.35363,-0.009381045747901247,Attendre
2026-02-15 20:00:00,68286.64,68560.22,68120.0,68450.0,399.94279,-0.010220598977355819,Attendre
2026-02-15 21:00:00,68450.0,68950.16,68450.0,68852.01,407.5596,-0.014903559097258011,Attendre
2026-02-15 22:00:00,68852.01,69078.49,68801.06,68999.96,384.07496,-0.013359862817311802,Attendre
2026-02-15 23:00:00,68999.96,68999.96,68319.64,68832.58,521.04745,-0.011805020238962523,Attendre
2026-02-16 00:00:00,68832.59,69065.5,68700.0,68845.81,349.86984,-0.014595078480447797,Attendre
2026-02-16 01:00:00,68845.81,69041.97,68454.54,68630.81,270.08273,-0.009901821062580966,Attendre
2026-02-16 02:00:00,68630.81,68734.0,68243.68,68320.48,683.734,-0.004675464809380628,Attendre
2026-02-16 03:00:00,68320.49,68463.96,68143.22,68424.82,453.41167,-0.011063967723992593,Attendre
2026-02-16 04:00:00,68424.82,68894.52,68417.17,68870.07,465.20741,-0.01529111267056946,Attendre
2026-02-16 05:00:00,68870.07,68900.0,68293.28,68385.29,353.88428,-0.007799338132513595,Attendre
2026-02-16 06:00:00,68385.29,68527.8,68228.76,68450.8,240.56615,-0.00960427051254329,Attendre
2026-02-16 07:00:00,68450.8,68672.59,68380.0,68587.9,362.20306,-0.010670832610416698,Attendre
2026-02-16 08:00:00,68587.89,68798.7,68542.63,68762.85,301.81895,-0.010293639661532454,Attendre
2026-02-16 09:00:00,68762.86,69060.77,68748.02,68992.71,453.08481,-0.012250279775935857,Attendre
2026-02-16 10:00:00,68992.7,68992.71,68690.85,68798.22,358.68374,-0.00846940516775009,Attendre
2026-02-16 11:00:00,68798.21,68918.22,68338.9,68812.83,495.50759,-0.010468687307294361,Attendre
2026-02-16 12:00:00,68812.84,69848.48,68807.54,69763.24,1602.28029,-0.02235876659398283,Vendre
2026-02-16 13:00:00,69763.24,70126.67,68225.0,68395.1,1720.62066,-0.0019754339126633424,Attendre
2026-02-16 14:00:00,68395.11,68718.3,68260.39,68427.64,1092.6004,0.0003269146795066342,Attendre
2026-02-16 15:00:00,68427.64,68607.22,67294.11,67539.52,2148.07022,0.015923713997375105,Attendre
2026-02-16 16:00:00,67539.53,67974.86,67513.94,67888.7,895.58119,0.006391343478369872,Attendre
2026-02-16 17:00:00,67888.7,68074.12,67600.93,67951.86,501.76328,0.007146088422009295,Attendre
2026-02-16 18:00:00,67951.85,68245.34,67830.82,67860.13,606.24788,0.01051972638425531,Attendre
2026-02-16 19:00:00,67860.13,68130.0,67824.91,67913.43,262.97624,0.009277693675610285,Attendre
2026-02-16 20:00:00,67913.44,68549.14,67827.11,68530.0,457.58536,-0.004652123157741102,Attendre
2026-02-16 21:00:00,68530.0,68933.85,68427.18,68862.88,534.27425,-0.007012921910904794,Attendre
2026-02-16 22:00:00,68862.89,68890.0,68509.07,68591.02,556.75779,-0.009024796540421822,Attendre
2026-02-16 23:00:00,68591.01,68978.88,68538.57,68892.43,348.95355,-0.013303348423041546,Attendre
2026-02-17 00:00:00,68892.43,69042.74,68704.36,68878.27,476.69143,-0.013535037973514782,Attendre
2026-02-17 01:00:00,68878.27,68996.67,68563.16,68618.11,499.89142,-0.006686281507899342,Attendre
2026-02-17 02:00:00,68618.12,69241.5,68387.2,68838.48,625.65656,-0.013492453639301783,Attendre
2026-02-17 03:00:00,68838.48,68860.68,68470.0,68474.9,367.85689,-0.006330348784737198,Attendre
2026-02-17 04:00:00,68474.9,68707.49,68288.0,68481.67,329.69022,-0.007274501337365141,Attendre
2026-02-17 05:00:00,68481.68,68510.76,67892.0,68245.71,633.07748,-0.003929770823689904,Attendre
2026-02-17 06:00:00,68245.71,68519.99,68242.49,68400.0,230.38739,-0.005290497076023324,Attendre
2026-02-17 07:00:00,68400.01,68480.0,68165.02,68388.12,314.74756,-0.005597755867539456,Attendre
2026-02-17 08:00:00,68388.12,68479.17,68130.78,68177.53,285.96667,-0.0033358498027134895,Attendre
2026-02-17 09:00:00,68177.53,68308.37,67992.03,68126.28,404.18575,-0.0010709523549501288,Attendre
2026-02-17 10:00:00,68126.29,68194.46,67704.96,67845.3,504.39951,0.004189825971732674,Attendre
2026-02-17 11:00:00,67845.3,67935.73,67690.0,67854.6,507.67784,0.005384601780866667,Attendre
2026-02-17 12:00:00,67854.6,68299.4,67827.52,67919.49,607.94036,0.0001285345340490031,Attendre
2026-02-17 13:00:00,67919.49,68360.5,67734.36,68136.34,716.87733,-0.0071028176740927365,Attendre
2026-02-17 14:00:00,68136.35,68337.6,66734.3,66875.06,2328.63639,0.008505861527451366,Attendre
2026-02-17 15:00:00,66875.06,67409.99,66621.06,67392.05,2309.0413,0.004334190753953864,Attendre
2026-02-17 16:00:00,67392.06,68158.1,67317.6,67517.36,1448.76651,0.001709190051269691,Attendre
2026-02-17 17:00:00,67517.36,67714.28,66881.08,67244.22,1144.38591,0.002085978542096318,Attendre
2026-02-17 18:00:00,67244.22,68227.41,67127.86,68098.62,824.93415,-0.00992677972035263,Attendre
2026-02-17 19:00:00,68098.63,68235.39,67695.45,67793.32,785.88027,-0.005384011286067712,Attendre
2026-02-17 20:00:00,67793.32,67928.08,67484.16,67753.3,471.88623,-0.0051888247509715045,Attendre
2026-02-17 21:00:00,67753.3,67926.29,67538.0,67680.54,253.25027,-0.0010029470805048262,Attendre
2026-02-17 22:00:00,67680.55,67788.42,67513.42,67527.72,176.97341,0.0020501210465865326,Attendre
2026-02-17 23:00:00,67527.72,67617.46,67394.0,67503.52,240.26836,0.002072188235517053,Attendre
2026-02-18 00:00:00,67503.52,67627.97,67290.3,67302.65,186.99827,-0.008353014331530677,Attendre
2026-02-18 01:00:00,67302.65,67378.26,66892.03,67165.2,545.6883,-0.04075845824921233,Vendre
2026-02-18 02:00:00,67165.21,67421.99,67153.36,67335.04,250.64041,-0.03789230688806298,Vendre
2026-02-18 03:00:00,67335.04,67705.65,67326.98,67629.11,243.56061,-0.039848816582090205,Vendre
2026-02-18 04:00:00,67629.1,67900.0,67500.1,67823.54,328.68469,-0.04445698351929133,Vendre
2026-02-18 05:00:00,67823.55,67938.0,67606.45,67654.8,311.88419,-0.038192412068323335,Vendre
2026-02-18 06:00:00,67654.81,67976.51,67614.91,67850.52,264.75627,-0.03085016887121863,Vendre
2026-02-18 07:00:00,67850.53,68219.81,67702.7,68106.44,528.49446,-0.03153152624039665,Vendre
2026-02-18 08:00:00,68106.44,68476.22,68071.58,68132.82,532.69792,-0.03605281566211415,Vendre
2026-02-18 09:00:00,68132.83,68276.0,68010.11,68157.79,339.37122,-0.025717970022208617,Vendre
2026-02-18 10:00:00,68157.8,68184.41,67731.95,67801.26,395.11187,-0.02185165880398082,Vendre
2026-02-18 11:00:00,67801.26,67805.08,67076.9,67369.75,654.97357,-0.017255815852070165,Attendre
2026-02-18 12:00:00,67369.75,67689.76,67345.0,67458.06,459.50762,-0.01745766184203939,Attendre
2026-02-18 13:00:00,67458.06,67599.7,67051.81,67236.88,549.44565,-0.016422832231358757,Attendre
2026-02-18 14:00:00,67236.89,67362.26,66717.3,67223.76,1553.71672,-0.019341821998650418,Attendre
2026-02-18 15:00:00,67223.77,68347.72,67192.25,67694.01,1767.46696,-0.030045642147658102,Vendre
2026-02-18 16:00:00,67694.01,67706.94,66994.23,67145.34,1029.31402,-0.026519934220304717,Vendre
2026-02-18 17:00:00,67145.35,67486.97,67057.13,67187.39,676.97648,-0.03533594622443285,Vendre
2026-02-18 18:00:00,67187.4,67229.76,66200.0,66359.99,1304.49131,-0.02598704430184524,Vendre
2026-02-18 19:00:00,66360.0,66619.0,65870.0,66177.14,1301.14212,-0.02843942787494293,Vendre
2026-02-18 20:00:00,66177.15,66550.0,66141.9,66268.39,682.91387,-0.027090593267770652,Vendre
2026-02-18 21:00:00,66268.4,66504.2,66053.6,66342.76,909.37392,-0.026560547074013674,Vendre
2026-02-18 22:00:00,66342.76,66477.7,66232.02,66408.82,352.09134,-0.025346934337938984,Vendre
2026-02-18 23:00:00,66408.83,66502.49,66275.71,66461.0,323.1366,-0.0271584839229022,Vendre
2026-02-19 00:00:00,66461.0,66597.03,66345.0,66446.49,297.42224,-0.022650707358658144,Vendre
2026-02-19 01:00:00,66446.49,66884.16,66446.48,66866.62,415.14671,-0.04047385676141547,Vendre
2026-02-19 02:00:00,66866.63,66958.9,66639.99,66835.2,362.58869,-0.04077776381308053,Vendre
2026-02-19 03:00:00,66835.2,66997.07,66727.27,66980.91,262.07528,-0.05054275912345773,Vendre
2026-02-19 04:00:00,66980.91,67070.56,66759.0,66802.75,389.01702,-0.05125402771592492,Vendre
2026-02-19 05:00:00,66802.74,66893.06,66679.76,66871.35,253.79395,-0.05632546673575462,Vendre
2026-02-19 06:00:00,66871.34,67290.4,66865.43,67150.12,468.59633,-0.060570703373277586,Vendre
2026-02-19 07:00:00,67150.12,67320.0,67028.7,67206.45,481.75258,-0.0597188216309595,Vendre
2026-02-19 08:00:00,67206.45,67206.45,66785.56,66966.12,559.76369,-0.05336982342712993,Vendre
2026-02-19 09:00:00,66966.12,67191.83,66754.23,66836.0,463.29328,-0.05365386917230238,Vendre
2026-02-19 10:00:00,66836.01,66958.4,66741.77,66843.08,368.25421,-0.05323782207522457,Vendre
2026-02-19 11:00:00,66843.08,66936.42,66478.02,66496.02,488.02461,-0.04915963391493213,Vendre
2026-02-19 12:00:00,66496.03,66680.7,66325.34,66516.67,484.41025,-0.0533342995071761,Vendre
2026-02-19 13:00:00,66516.67,66556.59,65763.0,65913.37,1377.50527,-0.04571712840657359,Vendre
2026-02-19 14:00:00,65913.38,66662.3,65631.83,66421.2,1506.37269,-0.04467263464074722,Vendre
2026-02-19 15:00:00,66421.2,66755.39,65966.0,66398.0,1083.30553,-0.0365075755293834,Vendre
2026-02-19 16:00:00,66398.01,66514.95,65899.25,66293.53,940.96239,-0.030591371435493057,Vendre
2026-02-19 17:00:00,66293.53,67049.99,66173.15,66369.42,899.04062,-0.032390067594383065,Vendre
2026-02-19 18:00:00,66369.42,67073.13,66228.49,67030.49,865.51701,-0.03872014064047581,Vendre
2026-02-19 19:00:00,67030.5,67198.1,66700.0,67050.0,706.47789,-0.03900029828486206,Vendre
2026-02-19 20:00:00,67050.0,67166.98,66823.03,67149.11,444.88336,-0.03985473523029567,Vendre
2026-02-19 21:00:00,67149.11,67168.86,66900.92,66916.51,265.40447,-0.04294680042339314,Vendre
2026-02-19 22:00:00,66916.51,67000.0,66652.34,66915.14,854.02212,-0.041757216677720504,Vendre
2026-02-19 23:00:00,66915.15,67023.61,66814.76,67003.73,304.63969,-0.04396143319185357,Vendre
2026-02-20 00:00:00,67003.73,67486.62,66949.41,67228.91,595.00262,-0.04469223136296573,Vendre
2026-02-20 01:00:00,67228.91,67355.79,67150.0,67279.9,313.31598,-0.020558145894984895,Vendre
2026-02-20 02:00:00,67279.91,67347.76,67181.28,67242.03,232.09759,-0.020183804682874642,Vendre
2026-02-20 03:00:00,67242.03,67488.67,67241.24,67366.25,332.50492,-0.02931022581782416,Vendre
2026-02-20 04:00:00,67366.25,67402.23,67115.38,67264.83,362.39174,-0.026861585764804633,Vendre
2026-02-20 05:00:00,67264.83,68006.0,67203.19,67790.1,1107.38598,-0.042887383260977685,Vendre
2026-02-20 06:00:00,67790.11,67894.2,67660.12,67847.47,482.66553,-0.043468827945979414,Vendre
2026-02-20 07:00:00,67847.47,67990.0,67767.4,67825.91,459.03505,-0.04124692171472525,Vendre
2026-02-20 08:00:00,67825.91,67950.85,67747.33,67879.99,290.00035,-0.0346125566606596,Vendre
2026-02-20 09:00:00,67879.99,68230.01,67879.99,68218.85,996.7879,-0.03899420761270527,Vendre
2026-02-20 10:00:00,68218.85,68318.39,67843.42,67948.99,638.74258,-0.037500483818817654,Vendre
2026-02-20 11:00:00,67948.99,67983.91,67280.6,67318.41,1489.10389,-0.02805131612585625,Vendre
2026-02-20 12:00:00,67318.41,67594.0,67276.41,67541.77,603.15784,-0.021806209698087595,Vendre
2026-02-20 13:00:00,67541.78,67541.78,66280.2,66801.62,7078.59491,-0.008278242354002792,Attendre
2026-02-20 14:00:00,66801.62,67317.5,66532.87,67069.65,5263.48808,-0.0014380573031169404,Attendre
2026-02-20 15:00:00,67069.65,68083.98,66536.64,67582.95,3143.21056,-0.0025246012492795202,Attendre
2026-02-20 16:00:00,67582.95,67921.7,67283.24,67795.47,1312.90303,0.0074028544975055805,Attendre
2026-02-20 17:00:00,67795.48,67795.48,66952.11,67613.37,6085.1555,0.015689648363925682,Attendre
2026-02-20 18:00:00,67613.38,68000.0,67466.11,67924.21,1321.6326,0.02066803574160083,Acheter
2026-02-20 19:00:00,67924.22,68000.0,67548.85,67646.03,854.45567,0.020581104316099497,Acheter
2026-02-20 20:00:00,67646.03,67885.55,67520.3,67750.4,685.93834,0.02063884493670898,Acheter
2026-02-20 21:00:00,67750.4,67840.0,67639.29,67825.87,451.92527,0.016127327227796796,Attendre
2026-02-20 22:00:00,67825.87,68116.6,67639.31,68078.13,669.63597,0.005199907811803879,Attendre
2026-02-20 23:00:00,68078.13,68233.99,67914.0,68020.01,582.73901,-0.0004700087518364253,Attendre
2026-02-21 00:00:00,68020.0,68051.16,67787.19,67841.0,537.54494,0.007296325231055044,Attendre
2026-02-21 01:00:00,67841.0,68005.99,67841.0,67951.24,250.62697,0.004371664152118455,Attendre
2026-02-21 02:00:00,67951.25,68099.54,67913.3,68001.05,224.56497,0.0037705300138747,Attendre
2026-02-21 03:00:00,68001.04,68001.04,67534.69,67667.77,569.35853,0.008114498231580506,Attendre
2026-02-21 04:00:00,67667.77,67846.88,67593.99,67816.97,228.62441,0.011123911905825333,Attendre
2026-02-21 05:00:00,67816.98,67888.4,67799.7,67851.93,141.24714,0.008723112223926494,Attendre
2026-02-21 06:00:00,67851.93,67924.39,67750.96,67793.38,228.15051,0.005654976931375826,Attendre
2026-02-21 07:00:00,67793.39,67884.74,67749.59,67856.01,118.21011,-0.00045640761960511926,Attendre
2026-02-21 08:00:00,67856.01,68079.41,67807.3,68055.03,293.16321,-0.001484386973306809,Attendre
2026-02-21 09:00:00,68055.04,68314.54,67978.9,68147.53,599.79254,0.006484167511280375,Attendre
2026-02-21 10:00:00,68147.54,68250.0,68139.65,68215.54,212.21766,0.0012618825563794078,Attendre
2026-02-21 11:00:00,68215.55,68283.34,68084.0,68092.45,279.32431,-0.0006041785836755679,Attendre
2026-02-21 12:00:00,68092.45,68218.2,67915.0,68203.42,307.88407,-0.00046713200012551547,Attendre
2026-02-21 13:00:00,68203.42,68260.0,68106.89,68259.99,202.25945,-0.005195430002260466,Attendre
2026-02-21 14:00:00,68259.99,68644.0,68180.53,68450.01,880.51744,-0.010990064135856074,Attendre
2026-02-21 15:00:00,68450.01,68698.7,68417.0,68615.0,427.6444,-0.01796983166946003,Attendre
2026-02-21 16:00:00,68615.01,68630.76,68101.78,68322.6,658.4992,-0.024575323538624155,Vendre
2026-02-21 17:00:00,68322.61,68474.01,68200.0,68437.45,212.23015,-0.02353462906639558,Vendre
2026-02-21 18:00:00,68437.45,68644.0,68383.08,68574.0,320.28262,-0.01842491323242047,Attendre
2026-02-21 19:00:00,68573.99,68658.5,68526.81,68543.51,219.15242,-0.013922397612844655,Attendre
2026-02-21 20:00:00,68543.51,68605.63,68190.0,68211.19,369.37236,-0.011686059134872084,Attendre
2026-02-21 21:00:00,68211.19,68390.93,68183.1,68379.95,170.62817,-0.013400126791552246,Attendre
2026-02-21 22:00:00,68379.95,68437.56,67900.0,67972.0,378.72918,-0.0058803625022067485,Attendre
2026-02-21 23:00:00,67972.0,68124.54,67941.02,67975.93,202.81655,-0.007219467243772907,Attendre
2026-02-22 00:00:00,67975.93,68060.4,67809.78,67946.0,294.60551,-0.01058929149618815,Attendre
2026-02-22 01:00:00,67946.0,68171.46,67945.99,68159.31,265.09117,-0.011840642166125258,Attendre
2026-02-22 02:00:00,68159.32,68222.16,67872.76,67909.68,289.41881,-0.009469931238079628,Attendre
2026-02-22 03:00:00,67909.67,68062.03,67824.9,68041.43,265.36653,-0.0064753195222380915,Attendre
2026-02-22 04:00:00,68041.42,68086.0,67966.52,67983.5,199.56269,-0.003471577662226787,Attendre
2026-02-22 05:00:00,67983.5,68011.75,67881.81,67977.52,154.76424,-0.0037149045743357337,Attendre
2026-02-22 06:00:00,67977.52,68178.79,67972.89,68038.13,303.09242,-0.005584956553038792,Attendre
2026-02-22 07:00:00,68038.14,68095.57,67990.5,68005.3,266.37265,-0.004627580497402365,Attendre
2026-02-22 08:00:00,68005.3,68019.46,67912.02,67950.1,183.6609,-0.00035114002775567043,Attendre
2026-02-22 09:00:00,67950.11,68101.46,67948.74,68053.32,173.06503,-0.010250638763840044,Attendre
2026-02-22 10:00:00,68053.33,68153.2,68012.78,68129.56,204.92643,-0.022378685551469792,Vendre
2026-02-22 11:00:00,68129.57,68245.0,68129.56,68219.97,171.48901,-0.03067987277039254,Vendre
2026-02-22 12:00:00,68219.97,68232.4,67871.59,67928.22,372.42816,-0.029445935724504577,Vendre
2026-02-22 13:00:00,67928.23,68040.8,67571.08,67652.38,679.59468,-0.02042544549060952,Vendre
2026-02-22 14:00:00,67652.38,67682.47,67353.75,67443.89,825.57077,-0.02307547800104654,Vendre
2026-02-22 15:00:00,67443.89,67813.2,67303.5,67684.14,653.6397,-0.02347285494061098,Vendre
2026-02-22 16:00:00,67684.15,67718.13,67513.83,67632.76,299.2772,-0.03190096042213856,Vendre
2026-02-22 17:00:00,67632.76,67635.22,67190.0,67384.49,691.10182,-0.024950845513559614,Vendre
2026-02-22 18:00:00,67384.48,67461.41,67313.54,67422.62,362.52705,-0.03126339498524373,Vendre
2026-02-22 19:00:00,67422.63,67488.7,67403.37,67428.32,222.75597,-0.03019710412479514,Vendre
2026-02-22 20:00:00,67428.32,67491.96,67350.0,67401.74,272.50364,-0.026810435457601048,Vendre
2026-02-22 21:00:00,67401.74,67643.94,67401.74,67612.66,235.86316,-0.030838455401695584,Vendre
2026-02-22 22:00:00,67612.66,67751.44,67485.34,67666.16,369.66378,-0.02997318009474748,Vendre
2026-02-22 23:00:00,67666.16,67730.98,67469.58,67643.4,418.79352,-0.02618585109559822,Vendre
2026-02-23 00:00:00,67643.39,67684.86,66715.01,66740.47,765.22691,-0.011963805469155389,Attendre
2026-02-23 01:00:00,66740.47,66740.47,64290.71,64427.65,7324.06208,0.02084058630106793,Acheter
2026-02-23 02:00:00,64427.64,64916.85,64325.98,64783.56,1843.2569,0.018176988112416283,Attendre
2026-02-23 03:00:00,64783.56,65079.79,64700.0,64934.17,1090.11911,0.013294233221122253,Attendre
2026-02-23 04:00:00,64934.18,65040.29,64685.64,64808.31,792.86138,0.01319105528287961,Attendre
2026-02-23 05:00:00,64808.31,65294.8,64796.85,65070.9,1215.1894,0.007993281174841556,Attendre
2026-02-23 06:00:00,65070.9,65802.09,65033.9,65757.32,1085.08146,-0.03864680008248519,Vendre
2026-02-23 07:00:00,65757.33,66015.22,65641.55,65958.94,1026.69503,-0.03233739050384985,Vendre
2026-02-23 08:00:00,65958.94,65958.94,65565.78,65676.44,895.54696,-0.03354566721338738,Vendre
2026-02-23 09:00:00,65676.44,66456.5,65672.76,66404.91,974.96031,-0.04135793573095728,Vendre
2026-02-23 10:00:00,66404.92,66600.0,66220.0,66319.69,789.042,-0.03482072971088983,Vendre
2026-02-23 11:00:00,66319.69,66487.37,66114.22,66207.23,534.45165,-0.03569141919998766,Vendre
2026-02-23 12:00:00,66207.23,66511.51,65886.51,66280.4,754.07687,-0.03414599187693484,Vendre
2026-02-23 13:00:00,66280.4,66430.52,66103.35,66132.66,807.41354,-0.015517597507797224,Attendre
2026-02-23 14:00:00,66132.65,66264.95,65529.73,65923.53,971.74614,-0.02257039330266444,Vendre
2026-02-23 15:00:00,65923.52,66250.0,65579.53,65660.1,1263.10354,-0.012472110155178037,Attendre
2026-02-23 16:00:00,65660.1,65724.28,65178.83,65364.65,1502.46383,-0.004136027654091295,Attendre
2026-02-23 17:00:00,65364.66,65451.01,64152.04,64813.26,2524.7894,0.009710358651917841,Attendre
2026-02-23 18:00:00,64813.27,65194.51,64586.0,64635.49,994.68933,0.019746891375001546,Attendre
2026-02-23 19:00:00,64635.49,64855.18,64048.71,64295.1,2158.00321,0.032147239836317176,Acheter
2026-02-23 20:00:00,64295.11,64487.94,63888.79,64473.14,1313.21455,0.03856613777458327,Acheter
2026-02-23 21:00:00,64473.14,64783.54,64459.44,64580.66,593.24685,0.03317649587353238,Acheter
2026-02-23 22:00:00,64580.66,65035.98,64555.59,64725.56,1451.85665,0.036740972190893395,Acheter
2026-02-23 23:00:00,64725.56,64900.63,64538.9,64656.02,404.81213,0.03583950883459882,Acheter
2026-02-24 00:00:00,64656.01,65026.75,64656.01,64941.43,437.59997,0.028485051838248607,Acheter
2026-02-24 01:00:00,64941.42,64941.42,63433.84,64160.27,2402.75927,0.04954919921627518,Acheter
2026-02-24 02:00:00,64160.26,64500.0,64000.0,64109.81,599.63527,0.05476291381927347,Acheter
2026-02-24 03:00:00,64109.8,64109.8,63342.9,63595.51,1312.76931,0.061429651244246666,Acheter
2026-02-24 04:00:00,63595.51,63628.52,62868.69,63378.84,2096.9105,0.06260228177101386,Acheter
2026-02-24 05:00:00,63378.84,63551.58,62700.8,63104.79,1274.07037,0.06635470936516856,Acheter
2026-02-24 06:00:00,63104.79,63322.28,62900.0,63082.79,677.94768,0.060934051902269894,Acheter
2026-02-24 07:00:00,63082.79,63367.2,62866.42,63192.96,890.96125,0.06248211826127468,Acheter
2026-02-24 08:00:00,63192.79,63444.66,63009.92,63392.15,669.14656,0.049974484222415516,Acheter
2026-02-24 09:00:00,63392.15,63411.8,62908.92,63249.99,657.17066,0.04996190513231708,Acheter
2026-02-24 10:00:00,63250.0,63369.71,63112.7,63284.5,447.19211,0.05028972339198378,Acheter
2026-02-24 11:00:00,63284.51,63317.95,63063.63,63227.1,461.08382,0.0512585584345953,Acheter
2026-02-24 12:00:00,63227.11,63343.59,62965.21,62969.05,642.15852,0.05284230903912308,Acheter
2026-02-24 13:00:00,62969.04,63100.0,62510.28,62900.0,2362.19948,0.06414610492845776,Acheter
2026-02-24 14:00:00,62900.01,63834.21,62762.03,63453.99,1408.18955,0.05348457992948915,Acheter
2026-02-24 15:00:00,63454.0,64031.76,63300.0,63973.97,1127.10688,0.04483776761079541,Acheter
2026-02-24 16:00:00,63973.98,64428.9,63689.54,64265.52,1423.20973,0.02909694031885217,Acheter
2026-02-24 17:00:00,64265.53,64520.0,64042.8,64219.71,1017.32505,0.027404359191282576,Acheter
2026-02-24 18:00:00,64219.7,64500.0,63872.72,64435.06,809.89318,0.029204132036192782,Acheter
2026-02-24 19:00:00,64435.05,64743.11,64250.52,64435.03,722.29463,0.023700462310640647,Acheter
2026-02-24 20:00:00,64435.03,64591.99,64318.03,64472.9,409.22444,0.012828645834141143,Attendre
2026-02-24 21:00:00,64472.9,64472.9,63820.5,64042.66,576.40912,0.025350914531032807,Acheter
2026-02-24 22:00:00,64042.66,64227.81,63973.79,64120.95,288.16182,0.017899921944387942,Attendre
2026-02-24 23:00:00,64120.96,64248.65,63853.99,64058.15,389.41705,0.026824377538221127,Acheter
2026-02-25 00:00:00,64058.15,64319.29,63913.27,64224.3,292.38037,0.03545729575877045,Acheter
2026-02-25 01:00:00,64224.29,66300.0,64145.2,65896.75,2840.08056,0.009640384389215008,Attendre
2026-02-25 02:00:00,65896.74,66310.0,65866.66,65884.83,1252.91602,0.005948865618990021,Attendre
2026-02-25 03:00:00,65884.84,65955.87,65350.28,65391.73,801.79518,0.021842211545710682,Acheter
2026-02-25 04:00:00,65391.74,65650.0,65116.65,65457.99,723.49717,0.02145085725974778,Acheter
2026-02-25 05:00:00,65458.0,65511.21,64755.26,64882.76,831.61343,0.028482450499947857,Acheter
2026-02-25 06:00:00,64882.77,65124.04,64865.78,64898.22,394.76962,0.020134296441412305,Acheter
2026-02-25 07:00:00,64898.22,65193.25,64781.18,65028.3,682.59011,0.015058366895643913,Attendre
2026-02-25 08:00:00,65028.3,65586.87,64955.79,65530.49,694.36389,0.011468096759233786,Attendre
2026-02-25 09:00:00,65530.48,65692.62,65396.47,65558.71,545.80832,0.009303264203947711,Attendre
2026-02-25 10:00:00,65558.71,65648.74,65345.0,65400.87,315.12553,0.013998743441792005,Attendre
2026-02-25 11:00:00,65400.87,65485.91,65200.8,65430.04,442.6001,0.014208152707838664,Attendre
2026-02-25 12:00:00,65430.04,66240.0,65324.62,66068.94,1316.71816,-0.0015969682577018688,Attendre
2026-02-25 13:00:00,66068.94,66684.1,66025.39,66248.62,1860.04287,-0.012205688209052405,Attendre
2026-02-25 14:00:00,66248.63,67009.78,66202.66,66973.2,2180.16784,0.0030439041288157142,Attendre
2026-02-25 15:00:00,66973.19,67578.0,66715.13,67412.33,2522.90832,0.025483023654574694,Acheter
2026-02-25 16:00:00,67412.32,68332.0,67404.0,68297.35,2059.42933,0.01656389303538116,Attendre
2026-02-25 17:00:00,68297.35,68879.96,68016.53,68674.2,2463.18666,0.007627318556313768,Attendre
2026-02-25 18:00:00,68674.2,69550.0,68373.33,69328.07,2105.00773,-0.006496647029118345,Attendre
2026-02-25 19:00:00,69328.06,69406.93,68764.94,69038.26,1672.83962,-0.0010389891054611738,Attendre
2026-02-25 20:00:00,69038.26,69374.95,68619.22,69148.69,1076.93003,-0.0006089775525754802,Attendre
2026-02-25 21:00:00,69148.69,69988.83,68773.83,68919.72,1562.1195,0.007169210786114712,Attendre
2026-02-25 22:00:00,68919.72,69176.0,68055.91,68432.13,1092.88431,0.014735183604543662,Attendre
2026-02-25 23:00:00,68432.13,68696.97,67600.0,67988.04,1020.21792,0.01238482533104358,Attendre
2026-02-26 00:00:00,67988.04,68539.17,67727.52,68335.99,1134.56842,0.011076008410794947,Attendre
2026-02-26 01:00:00,68335.99,68700.0,68210.35,68248.3,619.19035,0.007497769175202779,Attendre
2026-02-26 02:00:00,68248.3,68351.0,67779.93,68257.45,833.1941,0.003731753823209059,Attendre
2026-02-26 03:00:00,68257.46,68379.59,68044.18,68216.86,408.51743,0.0023612930879551145,Attendre
2026-02-26 04:00:00,68216.87,68860.0,68179.62,68571.36,587.55874,-0.00653567320233992,Attendre
2026-02-26 05:00:00,68571.36,68571.37,68127.58,68443.81,486.81983,-0.0072476970525164755,Attendre
2026-02-26 06:00:00,68443.82,68522.0,68042.9,68176.75,618.63359,-0.001027036343034892,Attendre
2026-02-26 07:00:00,68176.75,68290.18,67817.87,67825.04,840.14406,0.005127309913860859,Attendre
2026-02-26 08:00:00,67825.05,68236.0,67792.0,67954.01,761.69108,-0.01399049151036108,Attendre
2026-02-26 09:00:00,67954.0,68644.59,67933.25,68589.41,1095.31619,-0.028305098410964718,Vendre
2026-02-26 10:00:00,68589.41,68722.64,68257.64,68301.62,688.66072,-0.02110228132217058,Vendre
2026-02-26 11:00:00,68301.61,68404.25,67965.46,68051.31,722.94931,-0.015057755684644382,Attendre
2026-02-26 12:00:00,68051.3,68303.83,68009.88,68171.56,642.07881,-0.011320116482591742,Attendre
2026-02-26 13:00:00,68171.55,68213.98,67848.69,67905.35,698.96783,-0.014344083345421355,Attendre
2026-02-26 14:00:00,67905.34,68272.21,67264.22,67697.74,1769.26733,-0.01667396873219118,Attendre
2026-02-26 15:00:00,67696.89,67743.36,66761.16,67382.0,2095.8814,0.005102401234751086,Attendre
2026-02-26 16:00:00,67382.0,67566.85,66500.0,66643.55,2050.20093,0.022993222900040456,Acheter
2026-02-26 17:00:00,66643.56,67044.1,66600.46,66826.8,885.82755,0.022324277086438384,Acheter
2026-02-26 18:00:00,66826.8,67373.9,66575.73,67310.53,1058.47196,0.019580294494784194,Attendre
2026-02-26 19:00:00,67310.53,67903.12,67285.99,67589.22,1235.95013,0.012513533962960349,Attendre
2026-02-26 20:00:00,67589.21,67831.11,67269.42,67414.07,597.88987,0.012637272901636007,Attendre
2026-02-26 21:00:00,67414.07,67575.97,67150.14,67463.65,299.84732,0.008315144525978082,Attendre
2026-02-26 22:00:00,67463.65,67630.22,67301.75,67572.3,291.6336,0.011171737531503207,Attendre
2026-02-26 23:00:00,67572.3,67656.11,67390.65,67485.18,314.51737,0.012637144925745284,Attendre
2026-02-27 00:00:00,67485.19,67537.84,67000.0,67226.5,462.9103,0.012892088685265517,Attendre
2026-02-27 01:00:00,67226.5,67398.86,66885.0,67352.26,818.15438,0.01563035895157795,Attendre
2026-02-27 02:00:00,67352.26,67546.15,67263.56,67266.58,463.09611,0.01570988148944097,Attendre
2026-02-27 03:00:00,67266.58,67712.16,67099.71,67600.84,415.67371,0.001943171120358868,Attendre
2026-02-27 04:00:00,67600.84,68216.8,67578.67,67747.49,1318.53811,0.0005684343434715405,Attendre
2026-02-27 05:00:00,67747.49,67924.0,67683.3,67724.99,411.56603,0.007111112161109086,Attendre
2026-02-27 06:00:00,67725.0,67823.9,67525.46,67658.14,398.60368,0.012561385814035158,Attendre
2026-02-27 07:00:00,67658.14,67774.48,67459.3,67690.6,896.56486,0.026628955866841168,Acheter
2026-02-27 08:00:00,67690.6,68079.83,67655.86,67926.24,712.98047,0.04541926654559399,Acheter
2026-02-27 09:00:00,67926.25,68149.93,67284.22,67355.73,1377.2902,0.061836312961050216,Acheter
2026-02-27 10:00:00,67355.72,67416.78,66574.0,66604.91,1414.83211,0.07122613032582725,Acheter
2026-02-27 11:00:00,66604.9,66778.68,65960.01,66126.99,1399.59256,0.07537633271981665,Acheter
2026-02-27 12:00:00,66126.99,66217.42,65734.71,65928.01,1855.03329,0.08208498936946546,Acheter
2026-02-27 13:00:00,65928.01,66344.9,65649.34,66270.55,1278.55317,0.07856612024496545,Acheter
2026-02-27 14:00:00,66270.55,66334.87,65686.64,65887.59,1404.23206,0.08701866315037471,Acheter
2026-02-27 15:00:00,65887.59,66311.11,65845.18,66095.4,957.11978,0.11046880720897387,Acheter
2026-02-27 16:00:00,66095.4,66121.03,65462.93,65475.21,1135.56487,0.11942886475660021,Acheter
2026-02-27 17:00:00,65475.21,65765.06,65113.72,65703.19,1265.39709,0.11438911870184683,Acheter
2026-02-27 18:00:00,65703.18,65788.07,65228.33,65314.76,623.00837,0.1282824892872606,Acheter
2026-02-27 19:00:00,65314.76,65457.35,65172.6,65392.18,851.95591,0.12568658821284143,Acheter
2026-02-27 20:00:00,65392.18,65666.66,65392.18,65594.67,444.86468,0.1131953251689504,Acheter
2026-02-27 21:00:00,65594.67,65749.94,65400.0,65527.59,282.6564,0.11876112031588534,Acheter
2026-02-27 22:00:00,65527.59,65673.33,64914.46,65637.99,713.5349,0.10767956179035944,Acheter
2026-02-27 23:00:00,65638.0,65953.2,65551.67,65872.1,326.8612,0.10314943655963599,Acheter
2026-02-28 00:00:00,65872.09,66025.52,65721.13,65942.0,334.42449,0.1033938916017106,Acheter
2026-02-28 01:00:00,65942.01,65971.93,65743.71,65770.36,267.81274,0.10290896993721793,Acheter
2026-02-28 02:00:00,65770.36,66018.85,65761.94,65961.13,204.09288,0.099226013866045,Acheter
2026-02-28 03:00:00,65961.13,65982.34,65745.39,65797.42,239.41397,0.10183484398020472,Acheter
2026-02-28 04:00:00,65797.42,65818.44,65488.0,65663.2,311.53682,0.10892707026157726,Acheter
2026-02-28 05:00:00,65663.21,65729.65,65500.0,65591.03,300.20395,0.10399470781294326,Acheter
2026-02-28 06:00:00,65591.03,65591.04,63030.0,63216.01,3175.19445,0.1477095754698848,Acheter
2026-02-28 07:00:00,63216.01,64327.22,63038.0,63826.0,2127.97927,0.1289364835646915,Acheter
2026-02-28 08:00:00,63825.99,63877.09,63411.39,63473.28,1118.13838,0.1395929121671355,Acheter
2026-02-28 09:00:00,63473.27,64005.35,63372.1,63658.54,737.11739,0.14032759783683377,Acheter
2026-02-28 10:00:00,63658.55,64053.93,63452.64,64010.39,1633.42712,0.14651574533446834,Acheter
2026-02-28 11:00:00,64010.38,64307.44,63791.25,63844.2,1245.63976,0.14208949285917902,Acheter
2026-02-28 12:00:00,63844.2,64082.66,63827.2,64017.19,474.84169,0.13861183222818735,Acheter
2026-02-28 13:00:00,64017.18,65216.97,63888.89,65106.44,1748.13055,0.11306638790264052,Acheter
2026-02-28 14:00:00,65106.45,65360.51,64278.5,64435.61,1331.97244,0.12685035495124503,Acheter
2026-02-28 15:00:00,64435.62,65020.75,64200.0,64841.18,731.53889,0.10505037076746604,Acheter
2026-02-28 16:00:00,64841.17,65206.25,64681.81,65094.3,500.23365,0.09542494504127082,Acheter
2026-02-28 17:00:00,65094.29,65555.0,64828.03,65442.62,595.58409,0.08040310733280545,Acheter
2026-02-28 18:00:00,65442.61,66157.61,65185.7,65911.84,830.58148,0.07705459292291032,Acheter
2026-02-28 19:00:00,65911.83,66666.65,65602.65,66362.01,1072.73124,0.06865464141306167,Acheter
2026-02-28 20:00:00,66362.01,67151.68,66190.61,66959.62,840.13263,0.06387267430729146,Acheter
2026-02-28 21:00:00,66959.63,67055.56,66368.42,66723.22,934.75984,0.0662244717805884,Acheter
2026-02-28 22:00:00,66723.23,67760.0,66608.82,67103.64,1310.09118,0.061172538479283604,Acheter
2026-02-28 23:00:00,67103.63,67210.0,66733.73,66973.26,483.13759,0.05849289701591361,Acheter
2026-03-01 00:00:00,66973.26,67121.8,66620.5,66791.29,560.35194,0.06283603745338665,Acheter
2026-03-01 01:00:00,66791.29,67703.32,66042.72,67339.36,1630.19028,0.058180535128340934,Acheter
2026-03-01 02:00:00,67339.36,68199.99,67339.36,67620.65,1861.8227,0.05370814980335148,Acheter
2026-03-01 03:00:00,67620.65,67813.33,67400.0,67502.16,637.99716,0.05300897037961454,Acheter
2026-03-01 04:00:00,67502.16,67612.14,67079.36,67346.5,631.60541,0.048511949396033954,Acheter
2026-03-01 05:00:00,67346.5,67574.65,67200.0,67292.09,437.89406,0.046723173555762734,Acheter
2026-03-01 06:00:00,67292.08,67345.8,66749.35,66926.68,1159.96329,0.05484434608141332,Acheter
2026-03-01 07:00:00,66926.69,67235.72,66784.58,67141.39,937.93278,0.058310529466250295,Acheter
2026-03-01 08:00:00,67141.4,67292.3,66389.33,66560.14,1475.81311,0.06354178341572006,Acheter
2026-03-01 09:00:00,66560.14,66771.1,66246.95,66410.08,815.73368,0.06257303108202845,Acheter
2026-03-01 10:00:00,66410.09,66731.47,66215.71,66467.06,621.17753,0.061095977466131275,Acheter
2026-03-01 11:00:00,66467.07,66661.61,66372.27,66468.03,338.19615,0.056341672831284426,Acheter
2026-03-01 12:00:00,66468.04,66550.0,66241.97,66296.48,388.82935,0.05446020663540514,Acheter
2026-03-01 13:00:00,66296.48,67360.57,66132.27,66934.79,1311.02111,0.033961561693104686,Acheter
2026-03-01 14:00:00,66934.8,67320.19,66752.58,66847.8,911.62631,0.023367859525668704,Acheter
2026-03-01 15:00:00,66847.8,67243.69,66828.6,66842.42,1028.55576,0.02486878841310665,Acheter
2026-03-01 16:00:00,66842.42,67112.37,65730.28,66135.45,1500.74296,0.03494449648410961,Acheter
2026-03-01 17:00:00,66135.45,66219.77,65699.98,65979.61,952.1973,0.029940916595293687,Acheter
2026-03-01 18:00:00,65979.61,66657.44,65979.61,66316.83,906.08265,0.02811307476548555,Acheter
2026-03-01 19:00:00,66316.84,66345.95,65772.29,65962.17,541.15631,0.032891883332522194,Acheter
2026-03-01 20:00:00,65962.16,65962.16,65084.02,65300.0,961.21349,0.043047932618682984,Acheter
2026-03-01 21:00:00,65300.01,65756.5,65281.83,65666.2,996.50526,0.03994292345224802,Acheter
2026-03-01 22:00:00,65666.19,66491.43,65056.0,65268.71,1763.29476,0.0467479746420605,Acheter
2026-03-01 23:00:00,65268.71,66080.0,65125.67,65776.47,831.95524,0.035537784256285,Acheter
2026-03-02 00:00:00,65776.48,66796.44,65761.04,66501.52,990.0826,0.026900588136932704,Acheter
2026-03-02 01:00:00,66501.52,67079.0,66358.45,66532.02,886.93071,0.02600236698059056,Acheter
2026-03-02 02:00:00,66532.02,66609.94,65890.5,66276.77,554.16265,0.031282001220035154,Acheter
2026-03-02 03:00:00,66276.77,67037.22,66101.07,66820.03,509.4124,0.019088138691347508,Attendre
2026-03-02 04:00:00,66820.03,66975.74,66633.13,66862.12,750.65203,0.01796697442438256,Attendre
2026-03-02 05:00:00,66862.11,66995.64,66547.81,66730.78,887.19458,0.019293645301313667,Attendre
2026-03-02 06:00:00,66730.78,66739.45,66062.83,66204.9,677.75967,0.02244486435294074,Acheter
2026-03-02 07:00:00,66204.9,66209.46,65542.6,66007.52,1294.85905,0.027802135271859842,Acheter
2026-03-02 08:00:00,66007.8,66306.0,65654.54,66282.0,1104.41132,0.022832744938293868,Acheter
2026-03-02 09:00:00,66281.99,66720.84,66164.96,66168.62,1786.28426,0.027677470075694564,Acheter
2026-03-02 10:00:00,66168.61,66381.74,66079.24,66316.4,436.29038,0.023582552732054268,Acheter
2026-03-02 11:00:00,66316.39,66462.4,66003.59,66359.68,1034.77975,0.024869468930531338,Acheter
2026-03-02 12:00:00,66359.67,66391.38,65874.92,65963.43,763.09374,0.030761135374555278,Acheter
2026-03-02 13:00:00,65963.43,66157.28,65350.0,65440.01,1576.81345,0.03806616166470628,Acheter
2026-03-02 14:00:00,65440.01,67220.81,65259.21,67177.06,3015.13713,0.012498909598008598,Attendre
2026-03-02 15:00:00,67177.05,69617.74,66975.29,69130.2,5476.56874,-0.018121602425567988,Attendre
2026-03-02 16:00:00,69130.2,70096.0,68933.69,69428.62,3440.03188,-0.02369325502940993,Vendre
2026-03-02 17:00:00,69428.62,69578.0,68793.88,69198.0,1445.4415,-0.02037038642735334,Vendre
2026-03-02 18:00:00,69198.0,69268.15,68727.83,68877.67,1055.7431,-0.019012547898324576,Attendre
2026-03-02 19:00:00,68877.67,69049.32,68576.18,68966.53,886.89114,-0.027349353374745727,Vendre
2026-03-02 20:00:00,68966.52,69505.0,68584.9,69106.58,1028.13825,-0.02465177700878854,Vendre
2026-03-02 21:00:00,69106.58,69539.77,69000.71,69413.82,441.38382,-0.02824855338605498,Vendre
2026-03-02 22:00:00,69413.82,69501.62,69136.36,69440.49,1330.59238,-0.031420285196720396,Vendre
2026-03-02 23:00:00,69440.48,69479.58,68740.0,68830.06,637.72978,-0.022768395087843802,Vendre
2026-03-03 00:00:00,68830.06,69166.61,68644.38,69092.88,602.91075,-0.027471861065858024,Vendre
2026-03-03 01:00:00,69092.89,69258.08,68755.0,68760.01,452.46998,-0.021273120815427322,Vendre
2026-03-03 02:00:00,68760.01,68774.13,68210.71,68512.17,848.26905,-0.023159826932937548,Vendre
2026-03-03 03:00:00,68512.17,68550.0,68231.47,68377.94,458.44735,-0.020148018498363764,Vendre
2026-03-03 04:00:00,68377.94,68454.63,68050.11,68123.2,436.46143,-0.02181107170538079,Vendre
2026-03-03 05:00:00,68123.19,68617.42,67845.84,67947.75,913.85345,-0.011741669150192714,Attendre
2026-03-03 06:00:00,67947.75,68250.24,67800.0,68106.73,821.19287,-0.013878364149915756,Attendre
2026-03-03 07:00:00,68106.73,68275.2,67951.24,68172.8,1165.60519,-0.0125107080829891,Attendre
2026-03-03 08:00:00,68172.79,68311.83,66905.0,67003.3,1883.4522,0.008000053728696927,Attendre
2026-03-03 09:00:00,67003.3,67184.71,66340.14,66647.98,1767.88336,0.01549964455036753,Attendre
2026-03-03 10:00:00,66647.98,67030.75,66440.46,66860.3,1159.50732,0.015612254207653817,Attendre
2026-03-03 11:00:00,66860.3,67166.5,66779.37,67026.61,1271.91624,0.007286509044691346,Attendre
2026-03-03 12:00:00,67026.6,67973.2,67025.93,67399.85,1323.51079,-0.001114690908065888,Attendre
2026-03-03 13:00:00,67399.85,67435.0,66635.3,66931.31,709.75818,0.004535246658103702,Attendre
2026-03-03 14:00:00,66931.32,67603.94,66158.0,66568.95,1714.82463,0.011579122098215424,Attendre
2026-03-03 15:00:00,66568.95,67834.93,66471.79,67725.81,1695.1952,-0.007494631662581839,Attendre
2026-03-03 16:00:00,67725.82,68999.0,67473.09,68175.9,2581.91143,-0.019123326571413066,Attendre
2026-03-03 17:00:00,68175.89,68400.0,67626.53,68318.66,982.14848,-0.018350184268836705,Attendre
2026-03-03 18:00:00,68318.66,68914.01,67976.47,68628.49,974.13002,-0.026585023217034282,Vendre
2026-03-03 19:00:00,68628.5,68888.88,68312.83,68435.0,946.51026,-0.016038284503543533,Attendre
2026-03-03 20:00:00,68435.0,68591.24,68092.1,68266.0,592.99873,-0.015047021943573624,Attendre
2026-03-03 21:00:00,68265.99,68265.99,67832.3,68024.62,519.92364,-0.014768329466596074,Attendre
2026-03-03 22:00:00,68024.63,68524.54,68024.62,68327.2,573.87256,-0.030593965507147873,Vendre
2026-03-03 23:00:00,68327.2,68860.0,68245.64,68338.0,575.48869,-0.03463373233047504,Vendre
2026-03-04 00:00:00,68338.01,68413.9,67857.61,68093.19,767.61923,-0.025306201692122332,Vendre
2026-03-04 01:00:00,68093.2,68909.34,67963.28,68405.0,1294.62328,-0.03229281485271552,Vendre
2026-03-04 02:00:00,68405.0,68447.72,67984.56,68323.33,798.11328,-0.026140558430041316,Vendre
2026-03-04 03:00:00,68323.33,68383.63,67400.0,67732.2,954.50771,-0.007782856602915515,Attendre
2026-03-04 04:00:00,67732.19,67954.89,67467.6,67786.0,1066.3898,-0.009675449207801029,Attendre
2026-03-04 05:00:00,67786.0,68397.84,67682.64,68206.59,666.28769,-0.004331399649212679,Attendre
2026-03-04 06:00:00,68206.58,68678.76,68048.63,68508.02,1288.48108,-0.018112331957630814,Attendre
2026-03-04 07:00:00,68508.02,69668.0,68349.49,69493.13,2067.68212,-0.027887648750315318,Vendre
2026-03-04 08:00:00,69493.14,71163.0,69098.91,71011.4,4675.3565,-0.04501685644840113,Vendre
2026-03-04 09:00:00,71011.4,71893.0,70724.26,71520.76,4196.19004,-0.04949248302171273,Vendre
2026-03-04 10:00:00,71520.76,71878.17,71200.0,71348.92,2079.39146,-0.052429525212154486,Vendre
2026-03-04 11:00:00,71348.92,71499.75,70928.25,71111.4,1195.15977,-0.04705884007346218,Vendre
2026-03-04 12:00:00,71111.4,71364.14,70588.0,71339.71,1486.53558,-0.04468451021177424,Vendre
2026-03-04 13:00:00,71339.72,71624.99,71214.4,71477.17,1568.2684,-0.03499257175402997,Vendre
2026-03-04 14:00:00,71477.17,72633.0,71300.1,71621.04,4139.0795,-0.03448064982022034,Vendre
2026-03-04 15:00:00,71621.03,73479.75,71580.62,73396.88,4184.35996,-0.06176311581636714,Vendre
2026-03-04 16:00:00,73396.87,73500.0,72541.69,73294.84,2627.55973,-0.05914086175779907,Vendre
2026-03-04 17:00:00,73294.84,73759.99,72932.8,73218.92,2258.8783,-0.06307399781367974,Vendre
2026-03-04 18:00:00,73218.93,73700.0,72912.11,73693.5,1121.5369,-0.07242334805647722,Vendre
2026-03-04 19:00:00,73693.5,74050.0,73516.0,73611.1,2657.03129,-0.06275099815109422,Vendre
2026-03-04 20:00:00,73611.67,73716.0,73001.05,73019.68,904.52712,-0.05557364809048721,Vendre
2026-03-04 21:00:00,73019.69,73322.93,72878.0,73309.72,836.52696,-0.05988291866344599,Vendre
2026-03-04 22:00:00,73309.73,73523.31,72638.29,72705.86,894.79856,-0.05597870653067023,Vendre
2026-03-04 23:00:00,72705.86,72880.88,72313.04,72666.77,1190.17184,-0.05827436667406574,Vendre
2026-03-05 00:00:00,72666.77,73000.0,72553.65,72760.0,1004.77646,-0.04951388125343602,Vendre
2026-03-05 01:00:00,72759.99,73306.82,72409.1,72538.72,821.18852,-0.04519944658521692,Vendre
2026-03-05 02:00:00,72538.72,72916.5,72336.76,72506.19,628.62779,-0.030813645014308538,Vendre
2026-03-05 03:00:00,72506.18,72750.0,72344.51,72497.89,668.37206,-0.04231902473299559,Vendre
2026-03-05 04:00:00,72497.89,73081.08,72447.96,72815.7,750.0071,-0.03766715145222795,Vendre
2026-03-05 05:00:00,72815.7,72912.82,72260.74,72412.15,1085.89796,-0.0337071886416851,Vendre
2026-03-05 06:00:00,72412.15,72655.23,72037.56,72553.62,1063.1049,-0.03642423355306037,Vendre
2026-03-05 07:00:00,72553.63,72675.07,71759.95,72055.5,1447.01462,-0.0228919374648709,Vendre
2026-03-05 08:00:00,72055.5,72370.21,71757.17,72333.7,1421.17898,-0.022456061282638686,Vendre
2026-03-05 09:00:00,72333.7,72875.85,72298.83,72591.59,1160.78148,-0.02083808881993077,Vendre
2026-03-05 10:00:00,72591.59,73558.15,72517.06,73388.92,1589.2678,-0.035630446666881116,Vendre
2026-03-05 11:00:00,73388.91,73449.96,72766.75,72915.79,2091.15218,-0.03202118498613252,Vendre
2026-03-05 12:00:00,72915.8,73063.38,72666.93,72890.73,729.99152,-0.03252635829000471,Vendre
2026-03-05 13:00:00,72890.73,72935.3,72189.7,72467.79,1108.98859,-0.035142095543413125,Vendre
2026-03-05 14:00:00,72467.79,72835.73,71944.18,72609.29,1446.63499,-0.015720853350859043,Attendre
2026-03-05 15:00:00,72609.3,72770.0,71168.65,71652.77,2321.94313,-0.006159008228153603,Attendre
